ID,label
ID_HUD1ST,1
ID_KGE2HY,1
ID_VHV9BL,1
ID_ZT0VEJ,0
ID_5NFXVY,0
ID_81CCTX,0
ID_UMIM3F,0
ID_EHJS0N,0
ID_F57CLH,1
ID_LJPWH7,0
ID_XTZXEI,0
ID_UKK9B4,0
ID_N2TJBB,0
ID_E9L1ME,0
ID_QXITL0,0
ID_7CIP7I,1
ID_FTX35T,0
ID_FX8Y9O,0
ID_P5WZNM,0
ID_7GDYGT,1
ID_5K2S91,0
ID_57DIJ4,0
ID_PYQJPO,0
ID_C8QRT5,1
ID_8C8KEY,1
ID_9WDLDA,0
ID_RWXX12,1
ID_P8S7G4,0
ID_03CDM6,0
ID_6G5R4O,0
ID_P9PI9A,0
ID_CEX4NM,0
ID_SW1V8D,1
ID_KAK8UI,0
ID_7WCE18,0
ID_0B0VY6,0
ID_K7DZF2,0
ID_JN0XBP,0
ID_CVP24F,0
ID_D52M0J,1
ID_VAOZA4,0
ID_LUIJZE,0
ID_RU9X7V,0
ID_0QPO0B,1
ID_TLEG63,0
ID_QVZX9V,0
ID_1IR9WF,0
ID_A8UJMX,0
ID_CY9SBE,0
ID_Z3WANW,0
ID_IN1RRK,0
ID_OIJP43,0
ID_N3T2D6,0
ID_9UECNR,0
ID_VTII3K,0
ID_VWYT8S,0
ID_8YDWA0,0
ID_3M1GP9,0
ID_ZM7R4Q,1
ID_9AQPV1,0
ID_RC5I5R,0
ID_V5B25C,0
ID_2CE647,0
ID_RH7F42,1
ID_YG1LC4,0
ID_LU6BHF,0
ID_XQC9Z7,0
ID_6UG1EJ,1
ID_P86PE2,0
ID_9M300Y,0
ID_DG0C4U,1
ID_2I2Z6Z,0
ID_400RTJ,0
ID_WH7DZ3,0
ID_85S02N,0
ID_EWQ26K,1
ID_KPPJ5P,0
ID_1NK8SM,0
ID_RYCJ4Y,0
ID_73QUH7,0
ID_5NEF8D,0
ID_O76Z6P,0
ID_XG61M6,1
ID_IKU9QF,0
ID_0PSRXI,0
ID_THLFOS,0
ID_F2KBOP,1
ID_RE3N40,0
ID_50N2SM,0
ID_TEQC5B,0
ID_TV6JC8,1
ID_STD4VJ,0
ID_UZ74WN,0
ID_G4BDC9,0
ID_HXP5ML,0
ID_Z6MT2M,0
ID_XRT6Q4,0
ID_EDTCVM,0
ID_BJ3C9Q,0
ID_T3VRVT,0
ID_8TFU7N,0
ID_S9X0GW,0
ID_NW8JNV,0
ID_OJS7SC,0
ID_BHQPPQ,0
ID_P9ARU1,0
ID_D54BJH,0
ID_WR104C,1
ID_A2DQER,0
ID_21H8DA,0
ID_126AWG,0
ID_KAE13A,0
ID_8DEB8P,0
ID_YGWCP0,1
ID_0COLJF,0
ID_C60KH6,1
ID_SC3TZO,0
ID_DSKS6C,0
ID_1FCIIF,0
ID_7CC2XD,0
ID_TEVA6W,0
ID_MM1Z6N,1
ID_PRUQLD,1
ID_KTFUHQ,0
ID_2JDQZ8,0
ID_F78RV4,1
ID_IL62YL,1
ID_7AYWGQ,0
ID_GRZLMY,0
ID_PUZLZB,0
ID_ESJ50E,0
ID_QDU47S,1
ID_S9ODYL,0
ID_L5ELC9,0
ID_AED4M6,0
ID_XY73IN,1
ID_TKC0XW,0
ID_K75Q1F,0
ID_E79PCJ,0
ID_8ISK0D,0
ID_JELPG0,0
ID_G6K699,1
ID_KDQVY5,0
ID_TXDIHJ,0
ID_BB6A06,0
ID_SZXVDD,0
ID_NTUNPD,0
ID_BFMGO2,0
ID_V9VL84,0
ID_AOK8TS,0
ID_WDUBAK,0
ID_VCF6G4,0
ID_741FTK,0
ID_YH7VQ9,0
ID_CQV93M,0
ID_KBULVO,0
ID_XPSF6S,0
ID_ZLAFGD,0
ID_ZO22GP,0
ID_K8H08Z,0
ID_8NWS0A,0
ID_2IOV5S,0
ID_XIPL4N,0
ID_7JWAN7,0
ID_56DQ1A,0
ID_K0JHYS,0
ID_GX4WRP,0
ID_GIQJ7J,0
ID_DGBH97,1
ID_M36ZR0,0
ID_87DSCA,0
ID_8X89J4,1
ID_RJJ1GR,0
ID_I395Q2,0
ID_W0J738,0
ID_PMU4B6,0
ID_S8G8IV,1
ID_WBXNWO,0
ID_1Q4AOO,0
ID_73BKIF,1
ID_VP4HDZ,0
ID_BGKTDU,0
ID_238SDL,0
ID_LSCMFC,0
ID_N2G53Y,0
ID_YBABI5,0
ID_R4XKHT,0
ID_C1OGIT,0
ID_WFHV81,0
ID_V9TB8W,0
ID_305MIB,0
ID_GK5K20,0
ID_R6I7Z5,0
ID_8XU9PK,0
ID_H4TDOI,0
ID_T0WL56,0
ID_LDBUFF,0
ID_F28N7F,0
ID_3OW9N3,0
ID_Q2MZQ5,0
ID_AVV982,1
ID_P444XP,0
ID_ECIIKY,0
ID_8XF1QU,0
ID_TOH28O,0
ID_BAE39L,0
ID_8NK5M3,0
ID_XWADCK,0
ID_B0V7L4,1
ID_I4XVAA,0
ID_K3BMDJ,0
ID_0TLHEK,0
ID_DNWKKK,0
ID_A9TVN1,1
ID_WH2NQL,0
ID_71YO7L,1
ID_SB5MRX,0
ID_6QHORN,0
ID_OO8VXK,0
ID_MNL95E,0
ID_2VQJB7,0
ID_G9I7QP,0
ID_Q87TPJ,0
ID_4QYE2H,1
ID_VOVYZ1,0
ID_Z96KLQ,1
ID_PLHK1J,0
ID_MJQG3T,0
ID_29RVBQ,0
ID_B6IH0I,0
ID_BDY3L4,0
ID_8DTBC0,0
ID_TT0KZD,0
ID_X188P5,1
ID_4IPN7X,0
ID_IK14T0,0
ID_92DOC5,0
ID_MFRP9F,0
ID_CEMUR1,0
ID_UD42F9,0
ID_8700JE,0
ID_8EO8V1,0
ID_JWDUAA,0
ID_MJN06Z,1
ID_GN1A1E,0
ID_8L2F9V,0
ID_KBLUY9,0
ID_I1R56K,1
ID_MYUNPZ,0
ID_TAGD5I,1
ID_RL2YQI,0
ID_8JDY2S,1
ID_03FGET,0
ID_2J9MFB,0
ID_PCT6XN,0
ID_3LYJTD,0
ID_OIBKMJ,1
ID_2PW1U5,0
ID_6QUWFO,0
ID_GVDUW3,1
ID_8MOVDO,1
ID_WY97DX,1
ID_ZZXO0E,0
ID_YG0W96,0
ID_X9KP3C,0
ID_YC0531,0
ID_ECGR5G,0
ID_9DUI6E,0
ID_0S6TAJ,1
ID_OQP2JZ,0
ID_17H8GL,1
ID_T3WDTO,0
ID_HK3MJL,0
ID_DC2OA7,0
ID_XFUHZA,1
ID_OARV3X,1
ID_U4JVI0,0
ID_69AWCF,0
ID_9DB1U9,0
ID_427FJ7,1
ID_NFO3WH,0
ID_M9CFUJ,0
ID_7VZKE2,0
ID_LDGT86,0
ID_AQ23YS,1
ID_7E5R3Z,1
ID_MX9DTT,0
ID_D1EE4E,0
ID_AU5AAW,0
ID_1UODPU,0
ID_T5TY76,0
ID_WGB5F8,0
ID_EYAS67,0
ID_R3II2Y,0
ID_XWB1UD,0
ID_SV2JH6,0
ID_ARL5FK,0
ID_FVCEC5,0
ID_5K6AYY,0
ID_DOSBV7,0
ID_GY3KRX,0
ID_NZS0CP,0
ID_NCFEWF,1
ID_P3183F,0
ID_OG440Y,0
ID_B0LDO4,0
ID_USRLKK,1
ID_1H6NNY,0
ID_8MQWFO,1
ID_3700RZ,1
ID_VGYVQR,0
ID_1U3Q0W,0
ID_VSUKV2,1
ID_C5I6J5,1
ID_Q9MD63,0
ID_AT4VCL,0
ID_YIYTL5,0
ID_1JSXGR,0
ID_8SIJFG,0
ID_DVAKXT,0
ID_YAA43H,0
ID_UFMYFD,0
ID_HNOZ6O,0
ID_J99BS4,0
ID_XCA1Z3,0
ID_GL093A,0
ID_7XFOMD,1
ID_L6QTVJ,0
ID_KWUSR4,0
ID_D4FZQG,1
ID_PSQRLZ,0
ID_RSF9X5,1
ID_340D5C,0
ID_QH3OQH,0
ID_52CMQ5,0
ID_JRVM9X,0
ID_3LGDXH,0
ID_TN4ISR,0
ID_UY658H,1
ID_MOOJIE,0
ID_AT5P04,0
ID_FP68SN,0
ID_8FEDME,0
ID_4V0JYE,0
ID_M9HSPF,0
ID_H2M5DT,0
ID_7VOQKL,0
ID_86KPSU,0
ID_MY6CVF,0
ID_CCWBG0,0
ID_TS6PJ6,1
ID_63FWNU,0
ID_K13FQN,0
ID_8LPW7L,0
ID_1UUGCM,0
ID_6EAW33,0
ID_AW4I15,0
ID_KTX6CQ,1
ID_G6THKV,0
ID_S7TR1R,0
ID_SMKK71,1
ID_N888F6,0
ID_BZCK41,0
ID_8B66PW,0
ID_YLBAPT,0
ID_Z9AP21,0
ID_HVZOEZ,0
ID_IELG8M,0
ID_JJRTOB,0
ID_HRO2A7,0
ID_ED1SO4,0
ID_ON7RRH,1
ID_6FHAW1,0
ID_2G3DIJ,0
ID_97QDFA,0
ID_OXHKIL,0
ID_I5L1TB,0
ID_FGNPGN,0
ID_BWTELO,0
ID_77O5YH,0
ID_Q5VHQE,0
ID_8RIDAO,0
ID_TZ4Q0U,0
ID_E000R4,0
ID_8AUW7O,0
ID_NNSLLY,1
ID_C41LBP,0
ID_PVGRAX,1
ID_E8QVBE,0
ID_QMVZQJ,0
ID_BAH6TB,0
ID_NX8WPG,0
ID_JTVC89,0
ID_SRUIEN,1
ID_NE4JVZ,0
ID_LP131R,1
ID_A3QVJQ,0
ID_0Y7H6G,0
ID_9VVUNH,1
ID_ENMIKI,0
ID_Y53668,0
ID_NY03SC,0
ID_597KQH,0
ID_QH9BN5,0
ID_UPBNQO,1
ID_5PNN77,0
ID_7D0J85,0
ID_F1DV4T,0
ID_IH6GW2,1
ID_ZAZM2X,0
ID_QZJO8B,0
ID_13HRAR,1
ID_I8R6I8,0
ID_NDZXM5,0
ID_QXQXET,0
ID_RYRYDR,0
ID_GNW30T,0
ID_LOCKU9,0
ID_ZBE3RE,1
ID_44JP2F,0
ID_X58UCY,1
ID_3GI6Y4,0
ID_H6LFL1,0
ID_8NCXT4,0
ID_O1TSID,0
ID_GVY7QD,0
ID_KAJA71,1
ID_WXBNGG,1
ID_6481LY,0
ID_QELK4J,0
ID_COVFHC,0
ID_957USP,0
ID_BUXGFC,0
ID_Q1KVLC,0
ID_BAAPBS,0
ID_69G7LP,0
ID_Q4P80M,0
ID_51ZOZQ,0
ID_5QCECF,0
ID_BUTURW,0
ID_SHIQ65,0
ID_O9KSMX,0
ID_X8CA1T,0
ID_IESLQ6,0
ID_KR1RVL,0
ID_7U1D1S,0
ID_P1BFQZ,0
ID_DRVDRL,0
ID_8M3WA3,0
ID_Z7B4NI,0
ID_YR9HWK,0
ID_05NIQ8,0
ID_VNF7B5,0
ID_S1EW28,0
ID_Z72RFD,0
ID_8GUH5A,0
ID_Q5PNKW,0
ID_ROMZX1,1
ID_7JX8UQ,0
ID_OOMFPV,0
ID_2SAW9Y,0
ID_TWZ0BN,0
ID_E6FAWN,0
ID_SVSSTO,1
ID_6O0DXG,0
ID_E66YLO,0
ID_Y81ZRS,0
ID_CVODQP,0
ID_7JVV43,0
ID_E1K887,0
ID_0B4HOM,0
ID_K6J1W7,0
ID_VS8CQ8,0
ID_7MRBXD,0
ID_NRUAP6,0
ID_X9DMGW,0
ID_CLQJPL,1
ID_YDQMJ5,0
ID_9XKCBA,1
ID_R82DVI,1
ID_I66L4O,0
ID_C6JDIV,0
ID_N128D7,1
ID_0JU0RC,0
ID_K5VGMS,0
ID_VB25QZ,1
ID_DOS4AO,0
ID_T25D3H,0
ID_5JB1AL,0
ID_BC3KCZ,0
ID_8DM6Q7,0
ID_09EBDY,0
ID_32LLZV,0
ID_6NQ1F6,0
ID_L8IBYJ,0
ID_X41NYF,0
ID_R1RZRK,0
ID_DN8AMM,0
ID_JQRK7I,0
ID_E5BNR5,0
ID_AI0LGK,1
ID_F4H3KQ,0
ID_JKDSPD,0
ID_1T0GC0,0
ID_9HPW0S,0
ID_2JY1YW,0
ID_R0ZMFR,0
ID_34HPF0,1
ID_RFOWWU,0
ID_S6UVD7,0
ID_I3YTNM,1
ID_DKHCOF,0
ID_0N2WDR,0
ID_CGMSAY,0
ID_3JQTR7,0
ID_TM20SH,0
ID_5XH9YU,0
ID_KGKYFK,0
ID_L9AC4L,0
ID_WJ28B5,0
ID_52VC36,0
ID_TIRCBI,0
ID_531YUB,0
ID_LI0QI6,0
ID_ZHJO76,0
ID_NDIL6J,0
ID_NPL78Q,1
ID_8O6NFU,0
ID_RCF79X,0
ID_67I1EZ,0
ID_H6XCNC,0
ID_21SBSQ,1
ID_U9CTRB,0
ID_060H68,0
ID_FBQ2KD,0
ID_EN6LWL,0
ID_8LDR38,0
ID_PPUDSR,0
ID_I5D5C9,0
ID_QBSIHV,0
ID_7QDML1,1
ID_VR3TS0,1
ID_UAKJWS,1
ID_2424SP,0
ID_7WXQTQ,0
ID_757372,0
ID_8K8LZN,0
ID_V62VPV,0
ID_5M86VH,0
ID_X7RR5G,0
ID_Q7BJ02,0
ID_SZZSGT,1
ID_HPU7CL,0
ID_IGM12N,0
ID_WB9CLT,0
ID_XSY436,0
ID_5X6X94,0
ID_O457DR,0
ID_TG1FLT,0
ID_85B51K,1
ID_N7NBYN,0
ID_EEKBVB,0
ID_9JV38I,1
ID_OQWWQK,0
ID_X0TI64,0
ID_7MYM6T,0
ID_O369GI,1
ID_57GHWX,0
ID_L5JBB5,0
ID_ZPY56E,0
ID_20QK9Y,0
ID_DYB2OH,0
ID_6YOIHZ,0
ID_SBQPOJ,0
ID_2GO8JE,0
ID_W0B74A,1
ID_Z5I8PS,0
ID_NS7ZVH,1
ID_AFDS9Z,0
ID_JMD8KY,0
ID_YAFB6C,1
ID_32P5DJ,0
ID_Y66V3E,0
ID_Y20KZC,0
ID_Q73011,1
ID_KKI7F1,0
ID_JGIF2L,0
ID_1DL5R2,0
ID_ZNPDLE,0
ID_AJNAGY,0
ID_D7D8ET,0
ID_2FN37K,0
ID_WF983Z,0
ID_M5AOEF,0
ID_IINF20,0
ID_97ZF7L,1
ID_WBH1A4,0
ID_VZ69I2,0
ID_7EG9VN,0
ID_7RIK8B,0
ID_QMOUFZ,1
ID_NITVKA,0
ID_TCOADJ,0
ID_030E20,0
ID_JD50OR,0
ID_RJN26W,1
ID_ZLTW6U,0
ID_PGIS7Y,0
ID_WHGVNH,0
ID_8LF5D5,0
ID_NG04XS,0
ID_PRQ935,0
ID_K9JGQO,0
ID_FD80YT,0
ID_F071OY,0
ID_0T1IEN,0
ID_S09QKH,0
ID_PAVM49,0
ID_J3AVWI,0
ID_XF0Z64,0
ID_MY0CYP,0
ID_IANG9W,1
ID_PJ8F92,0
ID_FJ5XF8,0
ID_QIWY5N,1
ID_LOZ1HI,1
ID_PX18DO,1
ID_20L5Q1,0
ID_RRFY1C,0
ID_HNEW7D,0
ID_8AEQD3,0
ID_X4HIS3,0
ID_FFDXTD,0
ID_5VC2WD,0
ID_R8QIX8,0
ID_POAZG8,0
ID_MMWX4Y,1
ID_700K2U,0
ID_X7DHP9,1
ID_0WQ4EP,0
ID_B41D92,0
ID_07FK8L,0
ID_TLI1Q6,0
ID_4CPQ1V,1
ID_90UXQV,0
ID_ZSGZJ3,0
ID_73UCHA,0
ID_GIWYDQ,0
ID_WEIL0D,0
ID_ROFY44,0
ID_MEVR8B,0
ID_FAMK7Q,0
ID_PWNIU1,0
ID_8GFD15,0
ID_HASNNZ,0
ID_8NQ8MY,0
ID_7K66L0,0
ID_1YY8H9,0
ID_BELNVG,0
ID_XX2DTI,0
ID_AYZJ1B,0
ID_LXJM9O,0
ID_2LIHY5,1
ID_FY1JE4,0
ID_7O67XS,0
ID_PM79A6,0
ID_2GZKDS,0
ID_XMDKCV,0
ID_7NQ1GB,0
ID_JIHWW1,0
ID_7M3N0D,0
ID_C0YIDK,0
ID_OREQWR,0
ID_3G5LHF,0
ID_V91OQ6,0
ID_27LPTK,0
ID_GMOHPB,0
ID_DTOUIB,0
ID_AJ4O57,1
ID_ADVWAA,1
ID_TG7W3N,0
ID_P28183,1
ID_T6ERHF,0
ID_SEQ94I,0
ID_LPKRCD,1
ID_G91FDX,0
ID_V1LZYY,0
ID_9M9CKV,0
ID_O0RJ51,0
ID_LXEROT,0
ID_YDHYGA,0
ID_CQ7AOE,0
ID_G7FAMI,0
ID_9RAV0R,0
ID_RVB56M,0
ID_KCY9KZ,0
ID_SFBENP,0
ID_713NSC,0
ID_O3IXKB,0
ID_BI45LT,0
ID_SDP8AJ,0
ID_A9PB6J,0
ID_9B2ZDK,0
ID_1GN74L,0
ID_U2FRJW,1
ID_AY00AI,0
ID_HVNW1J,0
ID_70GWTC,0
ID_5YQ3JZ,0
ID_9R6UN1,0
ID_4PYQX8,0
ID_IDIJK3,0
ID_JYQADD,0
ID_XGJRBM,1
ID_E6KKIQ,0
ID_E6AKGP,0
ID_QZULTX,0
ID_OQ5S1V,0
ID_8TJX5Z,0
ID_VO53M6,1
ID_UUCFTE,0
ID_LBRJSA,0
ID_YNJWRS,1
ID_S3D8E6,0
ID_W9YQUZ,1
ID_8U4BOH,0
ID_QI67WO,0
ID_6A572E,1
ID_4TSO9A,0
ID_XIRS0U,1
ID_BG1EW0,0
ID_JJQLUV,0
ID_825MGD,0
ID_FVEHPF,0
ID_6HHDXJ,1
ID_SZXLNT,0
ID_65X80M,0
ID_Q53VX6,0
ID_OZQ7WV,0
ID_O3QIA7,0
ID_WG9PEA,0
ID_BA90VX,0
ID_YG5SAV,0
ID_RUNBFJ,0
ID_OOG37W,0
ID_7JZ3B1,0
ID_60CHES,0
ID_T4J7JL,0
ID_4GRI2B,0
ID_PXYFUM,0
ID_9EFYV9,0
ID_WHZ7I0,1
ID_3P9OMJ,0
ID_DR10Y5,0
ID_QP1SHY,0
ID_UL4F9F,0
ID_40KZ27,0
ID_RG7ZJA,0
ID_JM7QF1,0
ID_9OYPC6,0
ID_ILR1ZT,0
ID_PB09RG,0
ID_2AV7CA,0
ID_TV04NC,0
ID_74U5KL,0
ID_SBBAZJ,0
ID_DYWA7P,0
ID_M2TGZ7,0
ID_NP0J1M,0
ID_DPLVQ7,0
ID_5K8BYK,0
ID_GUVTM7,0
ID_MXRNMB,0
ID_G07AL3,0
ID_WS56WS,0
ID_NH69SW,0
ID_YU3E7N,0
ID_0FFSMB,1
ID_TWXZVR,0
ID_CXP0GD,0
ID_YHE21I,0
ID_Q1SH65,0
ID_9P4WS7,0
ID_WWDZ3X,0
ID_T0KP3M,0
ID_CZ68Q4,0
ID_QU6J29,1
ID_I9SRB1,0
ID_P6OW7E,0
ID_0MBG2I,1
ID_BYQW9M,0
ID_1PX49D,0
ID_TL4MHV,0
ID_Q4PI20,0
ID_SFOLZO,0
ID_Y6729D,0
ID_29DL0W,0
ID_FTVSPL,0
ID_KNHNZ3,0
ID_CP37WT,0
ID_TQ0I81,0
ID_ERJSLX,0
ID_7VUJ7O,0
ID_6YVIFA,1
ID_RUBPAT,0
ID_RC1Y5U,0
ID_IIP3RC,0
ID_9GQ8YU,0
ID_W19ZCL,0
ID_89BWD2,0
ID_WJK1BQ,0
ID_IHWSYA,0
ID_DGO03A,0
ID_CPPZ3T,0
ID_GF8N1H,0
ID_ZKHL2I,1
ID_4EMXBJ,0
ID_4Z9AQH,0
ID_HXW0I5,0
ID_N3COJ6,1
ID_18ATO1,0
ID_CSHQS1,0
ID_EZXSB1,0
ID_2JO6IX,1
ID_74XE0F,0
ID_TZXV59,0
ID_2J9D1T,0
ID_0H23GU,0
ID_3FRHE2,0
ID_BLDGX7,0
ID_2OGUGK,1
ID_MMCVPT,0
ID_VHDF4K,1
ID_ET3ISR,0
ID_6AKAU3,1
ID_RX87AX,0
ID_NNWCQ3,0
ID_WMUWUP,0
ID_5ZY5YV,0
ID_DK7LU8,0
ID_3W9WBK,0
ID_5VCMPV,0
ID_QS3KS4,1
ID_AUSMPY,0
ID_9571SK,0
ID_6B54KZ,0
ID_BOSI3L,0
ID_W4LXOZ,0
ID_UF4OG3,0
ID_AW76WK,0
ID_U5CA0U,1
ID_F5OD5M,0
ID_S8I3QG,0
ID_16YYV4,0
ID_E251OY,0
ID_LW9PAG,0
ID_UFLTU4,1
ID_8M28VG,0
ID_EFI1X1,1
ID_TOC6Y8,0
ID_ZIMEQF,0
ID_BZ7ZZE,0
ID_G97Q8Z,0
ID_RNK90O,0
ID_5W0LWA,1
ID_K45WOE,0
ID_P03MKI,0
ID_HWN1WX,0
ID_B0FDJS,1
ID_UVZ8XR,1
ID_F5EWAG,0
ID_WVA153,0
ID_OB3GUQ,0
ID_K65BJB,1
ID_CHJ8JX,0
ID_V8HC4S,0
ID_J3S9HR,0
ID_C3UNF5,0
ID_P5IGCK,1
ID_TNZOZS,0
ID_9LSQ45,0
ID_V5KQCE,0
ID_WDNWO6,0
ID_6B6FRU,0
ID_CHF8N2,0
ID_N6BIGZ,1
ID_R4WYYR,0
ID_LO93YG,1
ID_O7LSKU,0
ID_TEIAQG,1
ID_BW0UJW,0
ID_OZQXXI,1
ID_VJBZWK,1
ID_4H58TP,0
ID_XUB02Y,0
ID_V1K3M2,0
ID_WQFDUU,0
ID_WTQ4R2,1
ID_2KHDQZ,0
ID_437ESH,0
ID_92TBC3,0
ID_P0B092,1
ID_TGI87B,0
ID_UXJC8E,0
ID_D3JGRA,0
ID_0EURCB,0
ID_BOODMS,0
ID_XOH028,0
ID_ISX7JS,0
ID_8C9ZZW,0
ID_UFWUXA,0
ID_B83JLY,0
ID_44R8D2,1
ID_QLBZ69,1
ID_0ZW4GS,0
ID_LM08R7,0
ID_KH8C7Z,1
ID_SU4ET6,0
ID_ILLU65,0
ID_OUG1MA,0
ID_M889ZE,0
ID_WGFTXP,0
ID_RB9BZ0,1
ID_IV4E8A,0
ID_M8RTRC,0
ID_Y9ACME,0
ID_OFWGAA,0
ID_Y031JQ,0
ID_CUE61A,0
ID_H33X84,1
ID_NX0ZSA,0
ID_OXU54V,0
ID_NQWUCE,0
ID_X8O3F3,1
ID_13UBA3,0
ID_K1BPZV,0
ID_5LJTXI,0
ID_TG3OQI,1
ID_GXBAAA,0
ID_8HQ8AI,0
ID_GV00JA,0
ID_878PE1,0
ID_8I24KZ,0
ID_PQTTRN,0
ID_VK5IY6,1
ID_M6Q80T,0
ID_34QYM5,0
ID_JKJ7X1,0
ID_7UY8GG,1
ID_AZCH1L,0
ID_TMWBAH,0
ID_1X3DR3,0
ID_HP82IX,0
ID_U9SJBE,1
ID_DL90PB,0
ID_I9YJZ1,1
ID_KWE88R,0
ID_5NZDM6,0
ID_FC3TQA,1
ID_MS9HVA,0
ID_5XE8Z5,0
ID_46V1X9,0
ID_4C1RBL,0
ID_59PHPU,0
ID_5SMP6T,0
ID_2758EP,0
ID_EIK0FB,1
ID_UYTDX1,0
ID_42BL5M,0
ID_UOWZS4,1
ID_TTPIYG,0
ID_31R7DN,0
ID_M6E55X,1
ID_CFYT3L,0
ID_RTWIF4,1
ID_7E0IS5,0
ID_4EAYFP,0
ID_1S5PMS,0
ID_8AI9G1,1
ID_EU0HP8,0
ID_F6WFRC,0
ID_I0BP4G,0
ID_Y96IQN,0
ID_RM5NYY,0
ID_4TYB8X,0
ID_AI3BBC,0
ID_JF6ECL,0
ID_XWXLKN,0
ID_YMFORO,1
ID_ET1E4H,0
ID_MI1EH3,0
ID_8USBWC,0
ID_F00ZIR,0
ID_76KB29,0
ID_6JBZ4F,0
ID_16770X,0
ID_0F5JV2,1
ID_IG29LT,0
ID_969NLN,0
ID_86LWQF,0
ID_P6DBA9,0
ID_YQOUV8,0
ID_347J1X,1
ID_FIBGPJ,1
ID_UHHZES,0
ID_U78OXE,1
ID_MRYDR5,1
ID_W23GA4,0
ID_UURT4C,0
ID_PMGWXL,1
ID_FQC5UA,0
ID_ON4JEO,1
ID_YK9YJQ,0
ID_I6GD66,0
ID_W2XCO8,0
ID_LKLJWG,1
ID_F8V0V5,0
ID_LH1IQ0,0
ID_F79BO1,0
ID_BYB3NQ,0
ID_89CBE4,0
ID_9P9BVI,0
ID_KGCTTD,0
ID_P0ZBZW,0
ID_RBNNC4,0
ID_Z8HTPW,0
ID_IO7C6D,1
ID_GW100C,0
ID_MRTV3A,0
ID_QN2Y4G,0
ID_QDXKFD,0
ID_4UDU11,1
ID_1TGR7H,0
ID_RN5T7L,0
ID_V7XC0A,0
ID_P28A44,0
ID_0QQTCM,0
ID_3QAPWO,0
ID_FSPSQ4,0
ID_NRY242,0
ID_1LAPDW,0
ID_GQ1SKJ,0
ID_LYTZC1,0
ID_OYZQCC,0
ID_30ND62,0
ID_5B2Q7W,0
ID_7PZ6WR,0
ID_Y994JU,0
ID_BF9W67,0
ID_TDZ35E,0
ID_VRZDI2,0
ID_I2R9SL,0
ID_RH30Z6,0
ID_MIAQNM,0
ID_BHIUM7,1
ID_BHJGQN,0
ID_IFXH3F,0
ID_NJ69O3,0
ID_K428U7,0
ID_EXI18X,0
ID_Z71NNJ,0
ID_7DKUKN,0
ID_GRQOW8,1
ID_66CART,0
ID_7MZJKF,0
ID_XYDTCO,0
ID_R51E1J,0
ID_MH9SWL,0
ID_GYWZ84,0
ID_5QQQOE,0
ID_6N58MA,0
ID_DWSNCO,0
ID_FP1RZ2,0
ID_GZCNV9,0
ID_DOB0WE,0
ID_O56G0Y,0
ID_HMSG74,0
ID_PKOPJL,0
ID_MBZSM0,0
ID_14UTV6,1
ID_OQWEX8,0
ID_E7K9AW,0
ID_4QY3K2,1
ID_NPCAPJ,1
ID_Z3YQSV,0
ID_Z05Q86,0
ID_HOSKAM,1
ID_LSWJRN,0
ID_WZ6IUV,1
ID_NF0ISJ,0
ID_8A4ZYX,0
ID_5J05S6,0
ID_P87E0W,0
ID_8UU11V,0
ID_UQQUS4,0
ID_D14814,0
ID_MWU0VE,0
ID_ASVVDB,0
ID_ZSHE65,1
ID_9ZGRIZ,0
ID_TN22J5,0
ID_CBVSC5,0
ID_JEBEFU,0
ID_13P4I3,1
ID_98XQW5,0
ID_NYSH0C,0
ID_FQROYW,0
ID_ASOAJ6,1
ID_EIC1T4,0
ID_U9QN2D,1
ID_53YYKU,0
ID_90VBRT,0
ID_Q2I36L,0
ID_QT03VD,0
ID_FSHGDV,1
ID_48X8JT,0
ID_5RMXS2,0
ID_ML2Z5K,0
ID_TW5DWE,1
ID_85AGKR,0
ID_BI810F,0
ID_VJAB1T,0
ID_FFMBFC,0
ID_Q3HTFK,0
ID_S2SVW6,1
ID_U8JFTX,0
ID_J59GIH,0
ID_VX3T4P,0
ID_9FCBEA,0
ID_0MNUGS,0
ID_XYPU7M,1
ID_J36HOA,1
ID_JXQUYT,0
ID_S4H64A,0
ID_S292BI,0
ID_HBVRHZ,0
ID_4JKP8C,0
ID_W7LWSO,0
ID_1EI0YE,0
ID_QSCB2B,0
ID_WX6PTO,0
ID_APX41S,0
ID_NS25IR,0
ID_SZWEV6,0
ID_C5YMPK,0
ID_4UYTOX,0
ID_ZYHSU7,0
ID_ABQT6Z,0
ID_NZWA00,0
ID_F4IR2J,0
ID_ZGVTSN,0
ID_843S1G,1
ID_3P90AX,0
ID_XE64Z6,0
ID_E7K8QX,0
ID_O8Y927,0
ID_UCFQIF,0
ID_7KRJ54,0
ID_AR8SOK,0
ID_TPN3KQ,0
ID_KDV0XZ,0
ID_GXPIB6,1
ID_MT386H,0
ID_7AAYR0,1
ID_AUG1HJ,0
ID_0KJBUI,0
ID_S93KF5,0
ID_OUSOO1,0
ID_28Q2FB,0
ID_83JZJZ,0
ID_W2LJ51,0
ID_D5T11C,0
ID_NL74ID,0
ID_2WPPCC,0
ID_ANVTMX,0
ID_HLLUPF,1
ID_7V2ZDV,0
ID_6ZGG23,0
ID_S8W44W,0
ID_DX6D1X,0
ID_OEN7K7,1
ID_J9WS4X,0
ID_A8ZZG4,1
ID_FPALGK,0
ID_SVRM42,0
ID_0T1SBA,1
ID_0EIDAW,0
ID_SXTVNR,1
ID_DMZT7A,0
ID_8ULB0K,0
ID_PGDN4L,1
ID_U3RIDQ,0
ID_LT8VIT,0
ID_HI7NSD,1
ID_15F6H8,0
ID_B42XT2,0
ID_6J64YG,0
ID_YBZ0V8,0
ID_V5TQH8,0
ID_HDJ2J3,0
ID_JQH5DO,0
ID_QUVHJ4,0
ID_LJ41PH,1
ID_S7A0OG,0
ID_OFIEQG,0
ID_PUJXBQ,1
ID_YXT9CZ,0
ID_GSDO3H,0
ID_4YVOXZ,0
ID_R5C2YP,0
ID_529LRJ,1
ID_KZJGYY,0
ID_SHKWRM,0
ID_449SNZ,0
ID_Y356MZ,0
ID_1IWIPQ,0
ID_EV4890,0
ID_VNN3FM,0
ID_O0XMJV,0
ID_646P9O,0
ID_T84LO7,0
ID_7MQSRT,0
ID_U2ANA9,0
ID_SPXMZF,0
ID_PHY1DU,0
ID_58P6AF,0
ID_KD348U,0
ID_ZBJ9IZ,0
ID_CKLO7P,1
ID_WII8X7,1
ID_RXBB3X,0
ID_OY2063,0
ID_CEIBXL,0
ID_7EH7SK,1
ID_9EXHN9,0
ID_YC59K3,0
ID_Q148W9,0
ID_MJY9IN,0
ID_1DPNW7,0
ID_87ITXS,0
ID_NWUQIA,0
ID_46FFLF,0
ID_L9L53P,1
ID_H8JUX0,0
ID_TG0MR3,0
ID_F4U8ES,0
ID_T18ZOV,0
ID_1JM3X1,0
ID_8SO1RM,1
ID_FJF2U7,0
ID_LQXKHY,0
ID_54KU0B,0
ID_FAGFTA,0
ID_FV7067,0
ID_542QXW,0
ID_ALKQWV,0
ID_QJGJ6B,0
ID_J5WWTT,0
ID_93EZBL,0
ID_8WJTAH,1
ID_DJHSSB,0
ID_1FW579,0
ID_GY3DJG,1
ID_AVFGQG,0
ID_SV8BXM,0
ID_U5NU3O,0
ID_EF0EYU,0
ID_FERUQ6,1
ID_YBYD8X,0
ID_A87CEL,0
ID_F78M4P,1
ID_QUBTH2,0
ID_KIZKMV,0
ID_DXMTLW,0
ID_8TDK6L,1
ID_QNEE09,0
ID_V1EMKN,1
ID_BQG14J,1
ID_F1OXNQ,0
ID_PDLOD3,0
ID_093HJ3,0
ID_WO2XZW,0
ID_533Z03,0
ID_EZ9I39,0
ID_EF38JH,1
ID_7ZPEVS,0
ID_5JEIBY,0
ID_22CXGU,0
ID_7CQNR0,0
ID_JBMJSB,0
ID_WTZHXW,0
ID_FWT4FW,0
ID_NUEYO4,0
ID_3OP19Z,0
ID_8SMQ5M,0
ID_MA3JK1,0
ID_3AMX5Z,0
ID_VWKLH0,0
ID_H9XBJY,0
ID_54KAI4,1
ID_VP6DXU,1
ID_9YCPCH,0
ID_Q9IP1V,0
ID_99GG2C,0
ID_85UBO4,0
ID_JV9IWJ,0
ID_TLJ6W1,0
ID_34A4A8,1
ID_Y44WXP,0
ID_D6A107,1
ID_ZX5JSW,0
ID_XWNHHD,0
ID_DBK0ZI,0
ID_V2H7ML,1
ID_HO4UYF,0
ID_SRMNCT,0
ID_THDZPC,0
ID_F29O4S,1
ID_CAKGF8,0
ID_5Y61UO,0
ID_V4IMQ4,0
ID_PYZGKC,0
ID_C3M4L1,1
ID_S1JEDL,0
ID_W9VODR,0
ID_C3DJ3X,0
ID_QG51PN,0
ID_ZH2DFU,0
ID_SGXWC1,0
ID_0WJZL7,0
ID_S40GIF,1
ID_T0G12K,0
ID_P24BO5,1
ID_X71014,0
ID_M890LV,0
ID_EJSPZ2,0
ID_42WG2Y,0
ID_685UQW,1
ID_GTMCH2,0
ID_8F72SH,1
ID_51XU5L,0
ID_NTLMH5,0
ID_F948G2,0
ID_G7AK2S,0
ID_JDT5MB,0
ID_ELGMO7,0
ID_0P47US,0
ID_II5XRM,0
ID_P17W68,0
ID_VM1MZG,0
ID_TC5FMV,0
ID_150ON4,0
ID_VSJ65C,1
ID_OOV7BP,1
ID_ZJ46YR,0
ID_0M4X08,0
ID_8KPP22,1
ID_MHU5LH,0
ID_2OGQO7,0
ID_0R65G5,0
ID_5Z39ZS,1
ID_XQ4WX7,0
ID_EZVBAZ,0
ID_B6Z4H2,0
ID_QRUBWF,0
ID_40WQ3O,0
ID_WKEAZ6,0
ID_9Z79I7,1
ID_2A5J4D,0
ID_CPQBKY,0
ID_TH47GA,1
ID_N597KG,0
ID_I66N37,0
ID_FO3R4N,0
ID_9E6204,0
ID_VC5M7Z,0
ID_VSRGQL,0
ID_DRFXRI,0
ID_9S8Y9Z,0
ID_2E4UZA,0
ID_SS1SZX,0
ID_DTTTHP,0
ID_EVC1AI,0
ID_BUVFWD,0
ID_IQECX7,0
ID_BAPPC4,0
ID_6WY3T4,1
ID_YUTUBJ,0
ID_5SY0XD,1
ID_IAZTO8,1
ID_JKVCGS,0
ID_RI88R7,1
ID_T4WDBQ,0
ID_S0AAAV,0
ID_K2DCUK,1
ID_6E52YZ,0
ID_82UM5E,0
ID_55050C,0
ID_JN78VZ,0
ID_ORGFW7,0
ID_GYUL2I,0
ID_VM04D6,0
ID_5CUBYK,0
ID_1OI3MA,0
ID_N3INKV,0
ID_PX3ULT,0
ID_DA73VA,0
ID_2OQ2IZ,1
ID_5RMSFN,0
ID_PB6Y33,0
ID_V1KDI5,0
ID_WSK1AP,0
ID_GW1TD8,1
ID_M7TCGW,0
ID_LQ3LZT,1
ID_CYZDGO,0
ID_QS59KW,0
ID_06KXB1,0
ID_244IT6,1
ID_NFVL9J,0
ID_MF71TY,0
ID_35EZXP,0
ID_W1L6S1,0
ID_DFIBY7,0
ID_GHTB85,0
ID_5LXTUQ,0
ID_RRP8JH,0
ID_4X8331,1
ID_7H7GDH,0
ID_H12QP7,0
ID_LMPQNI,1
ID_6IF550,0
ID_1HSAJS,0
ID_VG9HX0,0
ID_7J2LOM,0
ID_DGEPEQ,1
ID_Y40XIK,0
ID_OSJG9M,0
ID_5QSJJY,0
ID_QJDARM,0
ID_KSOBEO,0
ID_OC4S2V,0
ID_SQF5S3,0
ID_2U0ARI,0
ID_5CD61W,0
ID_1NOT4A,0
ID_FLEWFL,0
ID_249J3A,1
ID_A6WB05,1
ID_RLFZXP,0
ID_EFY8BE,0
ID_NMX20U,0
ID_WOXBJP,0
ID_PSL6R1,0
ID_MRKP8E,0
ID_DX4A4U,0
ID_TSJTAX,0
ID_ZQXTQJ,0
ID_JV8M42,0
ID_LCS1VV,0
ID_D876IH,0
ID_BOVSP6,0
ID_DJUQC9,1
ID_LQAECQ,0
ID_JMLRCT,0
ID_4RBEDO,0
ID_SGX1M7,0
ID_61PABR,0
ID_QTPYWW,1
ID_20126L,1
ID_M5FS0Y,0
ID_HHPW7Q,1
ID_Q3VT0A,0
ID_QOPFIM,0
ID_GRBUY7,0
ID_0FH0RN,0
ID_7067MG,0
ID_V8WRTQ,0
ID_RC7UAH,0
ID_EYDSEZ,0
ID_QDNVL3,0
ID_8KMQSY,0
ID_B9VH5M,0
ID_TA9HQQ,0
ID_46357Z,0
ID_3KNRX5,0
ID_HI8UOO,0
ID_Q87FE7,0
ID_1XQ8NI,0
ID_7B8BDC,0
ID_2B0ER1,0
ID_4DHT1M,0
ID_2FOQ7N,0
ID_XO13Q1,0
ID_YC5YRY,0
ID_MRK2AY,0
ID_ZICE09,1
ID_3KFTH0,0
ID_J7NIE3,1
ID_6X4797,0
ID_PZ9R5I,1
ID_9S8EZI,0
ID_T2802K,0
ID_QZKZUI,1
ID_6TTHMK,0
ID_8BN7XT,0
ID_7IFOWI,0
ID_TEDTR5,0
ID_7D2UW1,1
ID_LYPTTT,0
ID_4N9JBV,0
ID_FVP5FD,0
ID_4LNOGG,0
ID_YDTOPJ,0
ID_0Z96GD,0
ID_R75CZI,1
ID_43CNYF,0
ID_NKVGI5,0
ID_Z6VCQN,0
ID_CTQ3PN,0
ID_ZK7HTW,0
ID_EWNQXX,1
ID_CE3WDP,0
ID_Y626D4,0
ID_OZ0UK8,0
ID_5T4UNE,0
ID_5NF5ZU,0
ID_YJLC31,0
ID_Z60IGN,0
ID_ATI28N,0
ID_RKNMQF,1
ID_10YPP4,0
ID_OCCNLO,0
ID_GN7OYD,0
ID_1P2RM9,0
ID_Y2XOK7,0
ID_9567F1,1
ID_SWRJII,1
ID_0XNWJ4,0
ID_LJYC9K,0
ID_EEOZ9Y,0
ID_OQJ1ZZ,0
ID_CXA3HH,0
ID_J9BB10,0
ID_QADUOD,0
ID_WL1B3B,0
ID_PJ8QFM,0
ID_9M88JU,0
ID_5POW9N,0
ID_FFT8ZW,0
ID_KW3MBI,0
ID_OVVECV,0
ID_WX515E,0
ID_SACO5K,0
ID_2JEOJG,0
ID_DDC1OC,0
ID_ZFUR6O,0
ID_MJ0F9T,1
ID_HAU695,1
ID_7KUOA2,1
ID_R0TVY8,0
ID_PNTIVZ,0
ID_875G0W,0
ID_EG9WK4,1
ID_E2G9ZO,0
ID_VFXTKH,0
ID_5B9SFI,0
ID_8HD4JT,0
ID_P7J3RW,0
ID_6N19Y4,0
ID_9IUQGX,0
ID_POZRG1,0
ID_XOU4NR,1
ID_RNQX9P,0
ID_40GV87,1
ID_NIWATW,0
ID_3IRGLG,1
ID_LVHOOC,0
ID_S2J0XN,0
ID_G2OBMM,0
ID_IWAUX4,0
ID_N276IF,0
ID_N7M8NG,1
ID_EKYJJJ,0
ID_1G68EV,0
ID_1KRUK3,0
ID_W7280F,0
ID_WAAZIR,0
ID_TPV0FC,1
ID_MJ5U9R,0
ID_8PVJIN,0
ID_ZJL7BH,0
ID_FTO1UB,0
ID_KXXIMV,0
ID_JX2CI4,0
ID_HL4580,0
ID_9KSSDP,0
ID_793E7K,0
ID_VKFCFL,0
ID_16343O,0
ID_UCOALP,0
ID_1A68I1,0
ID_I4CH7R,1
ID_JP795O,0
ID_YMCR6L,1
ID_C4S39T,0
ID_R5ZZ78,0
ID_0O6S21,0
ID_YVYTZ7,0
ID_2TS9U1,0
ID_ZBE28C,0
ID_LGZHC6,0
ID_3B1K1E,1
ID_G3O9YH,0
ID_H9ZCUG,0
ID_5E2HO9,0
ID_VAWSFH,0
ID_93PK03,1
ID_KRBS5I,0
ID_0812P3,0
ID_MARUB1,0
ID_ST2E5P,1
ID_IW8UZK,1
ID_U8G8RC,0
ID_A68Y25,1
ID_7PB4UD,1
ID_CODBFE,0
ID_0T43QW,1
ID_CJ46R7,0
ID_FT8X17,0
ID_KMWVZ6,0
ID_VN5D5R,0
ID_G97B0Q,0
ID_2GFQ61,1
ID_BGUT0R,0
ID_IH3ZQZ,0
ID_5LHDBR,0
ID_A548ID,1
ID_ODKFVC,0
ID_6MTDUZ,0
ID_DS5AI1,0
ID_HX6TTC,0
ID_EAEJ8U,0
ID_WIQ8TD,0
ID_JEZ37L,0
ID_2MQMRX,0
ID_UIQ1WG,1
ID_WRFLAG,0
ID_8K385W,0
ID_LBRH9I,1
ID_7VYQ83,0
ID_6XTGX2,0
ID_OCH16K,0
ID_548L7U,1
ID_RW40WS,1
ID_TW6515,0
ID_5L7P9Z,0
ID_DR4FF1,0
ID_H7RYWJ,0
ID_Y2DVVR,0
ID_NL2N7L,0
ID_NPDF9E,0
ID_6TLTT8,0
ID_AP8ZAR,0
ID_NJ0VRM,0
ID_2FXKX1,0
ID_C7Z47J,0
ID_CBA48B,1
ID_JEHFWJ,0
ID_VYIJ0T,0
ID_0ORGZK,1
ID_D23RNZ,0
ID_C7KLC9,0
ID_UY5Z7T,0
ID_681JPP,0
ID_Y56KW6,0
ID_AT4H2S,1
ID_NNBHGS,0
ID_XMTO8G,0
ID_JVAO0W,1
ID_O8LQ6T,0
ID_B8RT07,0
ID_97QFO3,0
ID_G0WAG4,0
ID_71F6DC,0
ID_W5NPPK,0
ID_IH0OF0,1
ID_7XK9K2,1
ID_901YAY,0
ID_44S6V7,0
ID_5BJUF7,0
ID_IIZLB6,0
ID_92PPDY,0
ID_ZJVLHQ,0
ID_XFLTZD,0
ID_357N6V,0
ID_U9RNA3,0
ID_NV6089,1
ID_JCVRZK,0
ID_6K3Q0P,0
ID_0UJ9YK,1
ID_BSICWS,0
ID_N6CC0U,0
ID_2U018X,0
ID_P6LGLU,1
ID_NMI1AV,0
ID_J0TZT9,1
ID_ME9HEU,0
ID_OOK5XG,0
ID_FANDMU,0
ID_YA9HFV,0
ID_86KXZ6,1
ID_YYCDJ6,0
ID_EQ2FI0,0
ID_4ZVXE8,0
ID_D3NI4K,0
ID_05BYJ0,1
ID_COVBK4,0
ID_DWQUOH,1
ID_C4F8TP,1
ID_6SKSGL,0
ID_BFTRUR,0
ID_GTWSFB,0
ID_J6QH11,0
ID_9T0ATL,0
ID_D4AKL4,0
ID_UD5ZO9,0
ID_43JTWR,0
ID_445F95,0
ID_IXEWGG,0
ID_ABCRQB,0
ID_KLIV4M,0
ID_2X6UD0,1
ID_3J7T0V,0
ID_48BXUX,0
ID_EJLWVI,0
ID_MCO5DJ,0
ID_4JMMID,0
ID_BPJZFN,1
ID_MPFKAD,0
ID_J34GA6,0
ID_WCYGD5,0
ID_RQPBS0,0
ID_3KSXSA,0
ID_V05MUZ,0
ID_EEARO5,0
ID_GL69BG,0
ID_7N722V,0
ID_KFOLUB,1
ID_45QWXE,0
ID_6H5L4Z,1
ID_IPMH9G,0
ID_94QOVY,0
ID_LD3W3V,0
ID_E3KWY8,0
ID_NA7RFA,1
ID_RAME66,0
ID_BL3QIG,0
ID_6ZO66U,0
ID_607UZH,0
ID_ISA2T9,0
ID_LZEC41,0
ID_F8TANB,0
ID_BF4VV7,0
ID_7RS5O1,0
ID_B8L6VM,1
ID_M3A0UJ,0
ID_YMARCC,0
ID_O3C6LW,0
ID_E528XV,1
ID_TJGDGB,1
ID_N6OKTG,0
ID_LAOT6Y,1
ID_T6VOCK,0
ID_5XNU0Q,0
ID_CHQUEK,0
ID_VOLI0U,0
ID_Y93QM8,1
ID_QGNSNA,0
ID_PNRNA0,1
ID_KHT1IR,0
ID_PQI8TS,0
ID_9HR5Q6,0
ID_PCYNYB,0
ID_BWJDEL,0
ID_W6ZF1A,1
ID_ZA51AK,1
ID_PEWU4B,1
ID_IX6Z1M,1
ID_PSXBSZ,1
ID_XLZX22,0
ID_GV83D5,0
ID_URF091,0
ID_FTV5UO,0
ID_GSFLFP,0
ID_NC5I9U,0
ID_TUBW0X,0
ID_FJ8ENJ,0
ID_MCWKH9,0
ID_VS15WJ,0
ID_PI2UAP,0
ID_I30FMT,0
ID_021LVF,0
ID_G3O3PD,0
ID_R4LJAK,0
ID_BVFP2Q,0
ID_JT1WQH,1
ID_64EOQQ,0
ID_3GSAW1,0
ID_PLHIRW,1
ID_N828KK,0
ID_7ZZCTI,1
ID_4CG6V3,0
ID_6YTPCU,0
ID_K2RMRH,0
ID_VUMSJW,0
ID_W8QHBJ,0
ID_VN7R6B,0
ID_F4J5EE,0
ID_K2SA1Y,0
ID_00CT09,0
ID_J20CU8,0
ID_PW7808,1
ID_7ND604,0
ID_BYBZ3Y,0
ID_E06KB4,0
ID_NUHV5W,0
ID_JDI4QB,0
ID_WQZLXN,0
ID_MSCZUE,0
ID_0ATJ2H,0
ID_LJ1KSL,0
ID_QIWYG9,0
ID_0R34LV,0
ID_ZANSBY,0
ID_D3IKZE,0
ID_XSWTW5,0
ID_5GQY0P,0
ID_QWUC5I,0
ID_52VLJF,0
ID_ZI7CQ1,0
ID_8GMKG3,0
ID_24WGQ2,0
ID_0DADNT,0
ID_6F2O74,0
ID_09GGH4,0
ID_C4IH6Z,1
ID_JKIMXB,0
ID_MSVH7O,0
ID_3O0E2A,1
ID_EEVMXB,0
ID_8TUPQA,0
ID_O5TUZQ,0
ID_3TZQ7K,0
ID_7T5F72,0
ID_2GBSRQ,0
ID_OEXQ8J,0
ID_QNE66X,1
ID_LLXUHX,0
ID_AZS6NA,1
ID_ENW71F,0
ID_SFPEC9,0
ID_0C7JFR,1
ID_AE8IS5,0
ID_NAW4CO,0
ID_BK5OSP,0
ID_IA5BZR,1
ID_8PNY2W,1
ID_UJRDIL,0
ID_UCGKX0,0
ID_10VHT4,0
ID_GB9RDA,1
ID_IN0BGJ,0
ID_FCSK0A,1
ID_B7AMEA,0
ID_6GWT4Z,0
ID_ESQOEZ,0
ID_3CH74Y,0
ID_00KYD0,1
ID_1TLRI5,0
ID_QTR5UH,0
ID_JP2X2B,0
ID_HZNDFQ,0
ID_84R8D3,0
ID_0M0AK2,0
ID_I2U57J,0
ID_MX2THO,0
ID_TOXWN5,0
ID_WK1Y3F,0
ID_ED8LI7,0
ID_CHVJW0,0
ID_499JGH,0
ID_TQZB90,0
ID_IBL26T,0
ID_85F5QZ,1
ID_5ENLXR,0
ID_8LW0N0,1
ID_32HCM2,0
ID_882SEI,0
ID_5SG7M9,0
ID_BBORY0,0
ID_V92P8U,0
ID_PXD3PS,0
ID_03VUYW,0
ID_DUO8JQ,0
ID_VUHG1U,0
ID_MU8E0E,0
ID_AWIHPN,0
ID_QTA27E,0
ID_UN7G57,0
ID_THJ056,0
ID_9BEHI9,1
ID_V3GJJY,0
ID_4VGXRJ,0
ID_6DTVMF,0
ID_LUVRUY,0
ID_7HAHXY,0
ID_5BWUU1,1
ID_V17ER1,0
ID_MU7AL8,0
ID_2FGDOS,0
ID_MICX0Y,0
ID_RZO98P,0
ID_RVK25Z,0
ID_UMBIYJ,0
ID_2KJIM6,1
ID_MHWH8Z,0
ID_4SWRJS,1
ID_ELZZSX,0
ID_16BOVX,0
ID_MWYNXV,0
ID_WIF796,0
ID_IE5HY6,0
ID_1UPO6M,0
ID_FWJ706,0
ID_5FDJQR,0
ID_5Z8ZIV,0
ID_X67YA3,0
ID_OMM228,1
ID_0SV1UN,1
ID_CTD4KK,0
ID_63B3NO,0
ID_7XF0W3,0
ID_W63ZNS,0
ID_8HK97V,0
ID_360ZU3,0
ID_D1V241,0
ID_UOK60I,0
ID_LC5RTF,0
ID_DP4NJ4,0
ID_3L02PU,0
ID_3Z25RV,0
ID_LU9872,1
ID_R0T5AN,0
ID_TR51QE,0
ID_1COCBP,0
ID_WOATLH,0
ID_L5CPXT,0
ID_NYXFSS,0
ID_1WU2PD,0
ID_MH3TYP,0
ID_DMYRUR,0
ID_N6RGWX,0
ID_B7BTBA,0
ID_0VZIL7,0
ID_6FV4ST,0
ID_O6YZIO,1
ID_5R4LSW,0
ID_921HUF,0
ID_3ENY36,0
ID_8SAUMJ,0
ID_0F14E5,0
ID_WYFNXZ,0
ID_A6GOUL,1
ID_EVSCLZ,0
ID_NBS7QG,0
ID_SEEG9A,0
ID_144T36,0
ID_YSB3RW,0
ID_333Q6N,0
ID_1BV6E3,0
ID_Q1MK5Y,0
ID_2JYFBL,0
ID_X0SMZE,0
ID_YV22PV,0
ID_MYJ135,0
ID_84WOXK,0
ID_9PNMSC,1
ID_2O1XQL,0
ID_KMTINN,0
ID_Q7MU79,0
ID_1CTTVO,0
ID_QVVRPW,0
ID_FZWW03,0
ID_SHKQ9C,0
ID_1WDKU9,1
ID_BXEL17,0
ID_H6OLS6,0
ID_2NBY8B,0
ID_RNQHWD,1
ID_7ZGPTN,0
ID_6R21Q4,0
ID_M0SRUE,0
ID_E1W6FD,0
ID_50N81A,0
ID_2DIJWV,0
ID_AMDC6K,0
ID_1UFV6O,0
ID_45GEBK,0
ID_KH1IU8,0
ID_8WV7HM,0
ID_4983YW,0
ID_G78TZ5,0
ID_YS6OAW,0
ID_IDVS5I,0
ID_7TZ60X,0
ID_GABP68,0
ID_380PD4,1
ID_T4CM0O,0
ID_WN5AB1,0
ID_J8QGY8,0
ID_22UMAW,0
ID_LXKOY8,0
ID_KXD8UO,0
ID_7DM7N3,0
ID_S9INYS,0
ID_XVYJDG,0
ID_3Y6VL6,0
ID_AW167Q,0
ID_S895SL,0
ID_QOYDCW,0
ID_HYRO9D,1
ID_0DAGAH,1
ID_9QKE03,0
ID_AT75IJ,0
ID_2UWJ91,0
ID_93TPDL,0
ID_XZO59H,0
ID_9JGBXB,0
ID_VUSY8T,1
ID_QJPG8O,0
ID_Y21SJT,0
ID_HURDHD,0
ID_GBZBYD,0
ID_XVWYSW,0
ID_M151Q1,0
ID_XQU7JO,0
ID_0XN8K1,0
ID_SBPY21,0
ID_PNU4PW,0
ID_8KCVBC,1
ID_SKDCG8,0
ID_GGK8WN,0
ID_N7BODG,0
ID_16W37S,0
ID_64IIVL,0
ID_8XKSST,1
ID_SZV1K3,1
ID_M2LTB3,0
ID_GLLYJF,0
ID_QWG0F3,0
ID_GEEBGJ,0
ID_6BH713,1
ID_R0DXA6,0
ID_4C89CO,0
ID_3TLQX0,1
ID_AXYCKC,0
ID_98IIZ3,1
ID_9EIVCW,0
ID_8TTXAP,0
ID_7ILLE8,0
ID_VN8R6E,1
ID_NTAVJO,0
ID_FRSM32,0
ID_22B4FB,0
ID_IG62QT,1
ID_8Y6R7B,0
ID_KRV947,1
ID_GDR28G,0
ID_B5PHM2,0
ID_I1XQ5N,0
ID_DDSQS7,0
ID_Q87HEX,0
ID_PF565I,0
ID_K4B3HY,0
ID_99TD0I,0
ID_28FWL5,0
ID_480P89,0
ID_U7E69G,0
ID_JO2ZGS,0
ID_FT8JEY,0
ID_N7591Z,0
ID_4U4ZX5,0
ID_KLGU9Q,0
ID_736S3I,0
ID_RSTZND,0
ID_7AAGXC,0
ID_W2A24B,1
ID_XL2JVB,1
ID_E5OTQJ,1
ID_7YGT8R,0
ID_CTGRG7,0
ID_Y5F4N8,0
ID_G73XY9,0
ID_H6WN1K,0
ID_5FQ4L3,0
ID_7BZNZN,0
ID_IP8ZSR,0
ID_RXWQRC,0
ID_MM3FIL,0
ID_3B13UI,0
ID_WR68WZ,0
ID_B6FTGS,0
ID_JFFRHP,0
ID_QN7EME,1
ID_K30017,0
ID_TLTGMB,0
ID_P0OZVM,0
ID_KOYMZD,0
ID_5QWH35,0
ID_OE8QNQ,0
ID_YDHY9L,0
ID_79UR2O,0
ID_T903UA,1
ID_PGK85F,0
ID_R6V5PQ,0
ID_TXTD1U,0
ID_H2N3SA,0
ID_SIPP8I,0
ID_BNQFML,0
ID_420E5G,1
ID_T9MW8C,0
ID_H1782K,0
ID_SXX1V0,0
ID_M5XFL2,0
ID_ETY0Q1,0
ID_O2UKST,0
ID_JFNWDO,0
ID_R6MW0R,0
ID_W16ATZ,0
ID_REPZLW,0
ID_AHGM38,0
ID_04PR12,0
ID_G8QNZZ,0
ID_ZDLVIS,0
ID_DRLH8Z,0
ID_EDMNCT,1
ID_JUT2BP,1
ID_C4TZQA,0
ID_A3H0QP,0
ID_HD0BPT,1
ID_J6JDKI,1
ID_IXRMFY,1
ID_JR6GZ5,0
ID_GXV04J,0
ID_8TOREL,0
ID_V2DIYZ,0
ID_EPW7AX,0
ID_VGRMRS,0
ID_P8NX5I,0
ID_ZRNA6L,0
ID_06Q192,0
ID_3332WB,0
ID_HBURF6,1
ID_44RXZ8,0
ID_JNJ1PU,0
ID_RMNUIA,0
ID_NV2HR8,0
ID_0BPWAE,0
ID_D4B0YL,0
ID_Z176MH,1
ID_CN4THF,0
ID_NIDM0W,0
ID_CPVJU8,0
ID_QSNJKE,0
ID_IU25TA,0
ID_IBAN6N,1
ID_C6HT3P,1
ID_GRW440,0
ID_0K99OG,0
ID_YYK2F1,0
ID_T9LPNE,0
ID_N35FKG,0
ID_UR6UJC,0
ID_C6M2B1,0
ID_W6PUEG,0
ID_JU2YR8,0
ID_HMD8ZQ,1
ID_WMDMIK,0
ID_6F6GQI,1
ID_KN663A,1
ID_GFLA2H,0
ID_T2S7DI,0
ID_2SR2JI,0
ID_GZ2Z8M,1
ID_X7T30W,0
ID_POTLI0,0
ID_MUXOO2,0
ID_J35Z85,0
ID_EQQOAM,0
ID_WBDSFP,1
ID_DCX9U3,0
ID_U6I8JC,0
ID_B9QSAK,0
ID_4H4WX8,1
ID_8UUG2O,0
ID_4MP0X0,1
ID_JGZU8V,0
ID_EQIAVJ,0
ID_ENC7I0,0
ID_EW6QSK,0
ID_IQXUFP,1
ID_GL1AEV,0
ID_EP0YCG,0
ID_VGVF7O,0
ID_LB3XT8,1
ID_YN6YZ1,0
ID_TKIAT3,1
ID_AJ3TZA,0
ID_5HS2RZ,0
ID_RN9OHR,0
ID_LBRCR8,1
ID_LKPBOG,0
ID_WT2YKS,0
ID_S179V4,0
ID_9EK9C5,0
ID_HRWVP1,0
ID_5DMN5R,0
ID_5P5XHY,0
ID_GL2KN4,0
ID_QOOV4U,0
ID_36980A,0
ID_DD5KVP,1
ID_2NOOH1,0
ID_N57FPV,1
ID_YW2RG0,1
ID_01199V,0
ID_NDTXYX,0
ID_0BNC3T,0
ID_ZKWOTJ,0
ID_BBKU48,0
ID_JTSUC3,0
ID_YXX78S,1
ID_CXW41F,0
ID_9NFGSL,1
ID_WC46TI,1
ID_FPMAZC,0
ID_ZHVEM1,0
ID_GWVVZP,0
ID_JTQ0P7,0
ID_BALHFL,0
ID_GP727H,0
ID_4Z7PY7,0
ID_0R3O0M,0
ID_GFCM2V,0
ID_N2RCD6,0
ID_44SB8F,0
ID_CCFHV0,0
ID_F0LBLR,0
ID_PPFT0O,0
ID_UKG7VR,1
ID_17TKDL,0
ID_Y9V9OO,1
ID_S6YQ2I,0
ID_QM8NYB,0
ID_AG4SKM,0
ID_B0YIQP,0
ID_WOON6V,1
ID_YJDNWP,1
ID_6OC5CV,0
ID_9NWRQ6,0
ID_CN9YJJ,0
ID_2KA6E7,0
ID_PV1FFC,0
ID_5LOLUC,0
ID_E5PPY2,1
ID_REF1CS,0
ID_7ZC9Y7,0
ID_7URSBJ,0
ID_6WGA7D,1
ID_OTQTI3,0
ID_8JN4ZM,0
ID_L3KBWE,1
ID_EKH05M,0
ID_EXV6X4,0
ID_T4K580,0
ID_S02QTC,0
ID_VBL4JB,1
ID_NI5JVQ,0
ID_V1L5E5,0
ID_WE3P0S,0
ID_SCFQJM,1
ID_D9E9CK,1
ID_8BYXOU,0
ID_VGJTVH,0
ID_RME5OL,0
ID_9X2J8D,0
ID_J336AH,0
ID_8HGFQA,0
ID_YNCK0Q,1
ID_8M31RF,0
ID_X6N3V0,0
ID_AZ6HEM,0
ID_KGIYFV,1
ID_URKF0Q,0
ID_WSII8Q,1
ID_6HA3S7,0
ID_6KW6H0,0
ID_KEFDQA,1
ID_PIB548,0
ID_JCKU0S,1
ID_4HXRH2,0
ID_HMOVMT,0
ID_9O9RB2,0
ID_CA6B35,0
ID_NFYEL8,0
ID_PH1EEM,0
ID_X3Y4MM,0
ID_BVVN3C,1
ID_YJBOL7,0
ID_5NP1FJ,0
ID_CZ59VR,0
ID_APWGSU,0
ID_OGVA7H,0
ID_TLQYO9,0
ID_SQVQ1Z,1
ID_27B2ZF,0
ID_4CSTJE,0
ID_1KMZLN,0
ID_8LB2V1,0
ID_2AGVVX,0
ID_X8G5E9,0
ID_KPTJCC,0
ID_CDF51U,0
ID_E5VAXV,1
ID_CSLO2H,0
ID_22VFFV,0
ID_HGDG8B,0
ID_ODCJX2,1
ID_WT39AL,0
ID_N8MCUM,0
ID_ZWKMO6,0
ID_S4BD2D,0
ID_KYFQE0,0
ID_BMVRHA,0
ID_S8DLJ8,0
ID_FU3H7Z,0
ID_TIO2AB,0
ID_TY8YAF,1
ID_K3I4I2,0
ID_3OZE2S,0
ID_IS202D,1
ID_UY9F3H,1
ID_II4Q35,0
ID_NSKXJS,0
ID_28NFNQ,0
ID_HNJ5RL,0
ID_1E6WAU,0
ID_Z7GXVU,0
ID_I7PABD,1
ID_WDUR6K,1
ID_5NTPK8,0
ID_5Z1EIN,0
ID_LRMPUC,0
ID_302Y7B,0
ID_M07CXG,0
ID_4ASBKB,1
ID_UWYQ0J,0
ID_9L8SDM,1
ID_EHEC7G,0
ID_74TYSD,0
ID_X0SM36,0
ID_63DTU6,1
ID_OTN4WQ,0
ID_2BZRGT,0
ID_KVGTQB,1
ID_GCMG8U,0
ID_LWGE7B,0
ID_T2Y5MQ,0
ID_M2ALE1,0
ID_E9HGI9,0
ID_O9Y3HH,0
ID_V15KLU,0
ID_15V644,1
ID_5N4RQ5,0
ID_QQHMQ1,1
ID_UMOMRE,0
ID_GCPANH,0
ID_NX8NDL,0
ID_3G2XT1,0
ID_O34PAL,0
ID_JW5VTV,0
ID_ZJQL7U,1
ID_HS9WM4,0
ID_STQZHY,0
ID_P9E82V,1
ID_TP3UER,0
ID_J4LBBG,0
ID_GN2PJN,0
ID_H72FID,1
ID_5N20TH,1
ID_OS7DOY,0
ID_RLNYE1,0
ID_UQFD96,1
ID_D0J9CI,0
ID_08V9CO,0
ID_N7LYCX,0
ID_WNSUVX,0
ID_G2FA9R,0
ID_JATAK1,0
ID_3BE7D4,0
ID_0I8T87,1
ID_H54J2W,0
ID_2C4Y2P,0
ID_H1C2DC,0
ID_FQUFX5,0
ID_IVHZY9,0
ID_DNXZUR,0
ID_H45DP1,0
ID_5GEBXF,0
ID_X1L8MN,0
ID_ZKL370,0
ID_V986RM,0
ID_MRR68Z,0
ID_UIC00A,0
ID_J40ULE,0
ID_XKYBNX,0
ID_QW8RDP,0
ID_L4OT7A,0
ID_OH6NFJ,1
ID_KR506A,0
ID_SKSHNF,0
ID_1I5DVX,1
ID_IXAYW7,0
ID_SJBCUT,0
ID_D396UR,0
ID_NHKEG4,0
ID_BI9E5G,0
ID_7YHZ4T,0
ID_PDB3GJ,0
ID_CKAQQH,1
ID_WXX0YM,0
ID_B16JRR,1
ID_P8HUZB,0
ID_RSF89V,0
ID_ONMYPW,0
ID_OX5FLL,0
ID_RF9CAJ,0
ID_625IZF,0
ID_Q81A6T,0
ID_SDW7IH,0
ID_ELEVHA,0
ID_2UN6UO,0
ID_TZRNF4,0
ID_9B5GQR,0
ID_IRJ8UD,0
ID_2GWH8S,0
ID_H54VIY,0
ID_ZNQUOS,0
ID_EHQSUZ,0
ID_3ULYAR,0
ID_MJBUI3,0
ID_S11CEJ,0
ID_JK11P2,0
ID_7LOIRN,0
ID_CFJXUT,0
ID_STMMVB,1
ID_64EG2T,0
ID_9N3RWC,1
ID_58A901,0
ID_I2G4VP,0
ID_B2O3UG,0
ID_BGDKZ6,1
ID_72DFH4,0
ID_TXZLBF,1
ID_DNJDDE,0
ID_M0LJTI,1
ID_UX9I92,0
ID_BZSGTB,0
ID_26EQPD,1
ID_60ORA5,0
ID_YBHWEC,0
ID_UNBLNM,0
ID_BRO6LF,1
ID_TNU2DC,0
ID_C48NRL,0
ID_IJ2CUH,0
ID_5SP2XA,0
ID_S56PJ2,0
ID_HLKO49,0
ID_ASMTRO,0
ID_7X9ZBN,0
ID_IL1EMO,0
ID_XKJEU2,1
ID_GRK99T,0
ID_XS6G6I,0
ID_78FE25,0
ID_TEGYPY,0
ID_39ZM08,0
ID_PUU5OF,0
ID_P3GT9O,0
ID_89TX3M,0
ID_13I1T9,1
ID_DUSI40,0
ID_PE3ASP,0
ID_TFESYQ,0
ID_0HFLSK,0
ID_U1QFPU,1
ID_JT79BG,0
ID_2RNGPF,1
ID_1TM31D,0
ID_YVJD32,0
ID_NP0TXP,0
ID_YE0QPO,0
ID_GF5VQL,0
ID_L2HWEN,0
ID_4N4KTV,0
ID_Q5LGN3,1
ID_6XQIGJ,0
ID_ZMXD7W,0
ID_SL8W6Q,0
ID_7KJDJ1,0
ID_8JG5IE,0
ID_KJZ8VE,1
ID_5DSNH0,0
ID_VQ41AW,0
ID_A11W0B,0
ID_YU4669,0
ID_0TBXXI,0
ID_A14HL1,1
ID_B8F25O,0
ID_HOKM18,0
ID_2AYME3,0
ID_FV5MKG,0
ID_OZ57C7,0
ID_J12QSV,0
ID_Y4U889,0
ID_N3851J,0
ID_AMW04Q,0
ID_26LIPB,0
ID_Y3NTC5,0
ID_M2SJWY,0
ID_2YMHTE,0
ID_PH14C4,0
ID_PX1AXW,0
ID_AEGC29,0
ID_9B0HGU,1
ID_38QLG9,0
ID_NCMBTJ,0
ID_BMCTBK,1
ID_I34A3G,0
ID_G7BJZ8,0
ID_IVY5Z8,0
ID_8NRZW0,0
ID_YAD4EU,1
ID_98IMFV,0
ID_3RHGRH,0
ID_MIXRKC,0
ID_XS5Z37,0
ID_TP5D1K,0
ID_7HHVF4,1
ID_AMGS27,0
ID_I76DRT,0
ID_SFBXQS,1
ID_SCRTP3,0
ID_VG15L1,0
ID_STO6L0,0
ID_K6OQTY,0
ID_AD9HM9,0
ID_2NRQ65,0
ID_9VRIV2,0
ID_UD701F,1
ID_4SR4I1,1
ID_NH9EYE,0
ID_8XI3UO,0
ID_LN4277,0
ID_HKV6RJ,1
ID_4Z083A,0
ID_FQ4042,0
ID_XF8NMU,0
ID_PTKZ48,0
ID_77TAH1,0
ID_4NNFZ0,0
ID_IR44DZ,0
ID_KANTKE,1
ID_JSE024,0
ID_1N69S6,0
ID_IP3VTI,0
ID_VI7DA4,0
ID_40IJ55,0
ID_UO9PY1,0
ID_9IQ9V9,0
ID_S03VVD,0
ID_PUQMTA,0
ID_K3ECHC,0
ID_EUISKB,0
ID_9F08YV,1
ID_GDIWC9,0
ID_NICRWM,0
ID_FXBS2W,0
ID_BHIUNM,0
ID_7J8J4A,0
ID_ZFJL2J,0
ID_MAUQNL,0
ID_KF25DZ,1
ID_MTZ02U,0
ID_UH37LA,0
ID_5RMNYH,1
ID_C2S2MG,0
ID_RXKWEF,0
ID_U6CXWA,0
ID_V8WS4Y,0
ID_OSA58J,0
ID_ATLB7D,0
ID_UQ30MV,0
ID_UDJJ0U,1
ID_GR3A1D,0
ID_UU8NI2,1
ID_EPGOX3,0
ID_GIH91I,0
ID_BWGR20,1
ID_E239I7,0
ID_82DU4P,0
ID_WOULBT,0
ID_JMK9CG,0
ID_FX24QA,0
ID_8U6B7J,0
ID_0B12BC,1
ID_9BAQUE,0
ID_TFASKM,0
ID_SV0WPP,0
ID_GJHY4V,0
ID_AH1EIC,0
ID_6B43T4,0
ID_PGDLCA,1
ID_3XRYO9,1
ID_0RKK1Q,0
ID_E1HS0Z,0
ID_Q0ZX02,0
ID_C63KYL,0
ID_F2L0F1,0
ID_6VPDJ7,0
ID_JS626G,0
ID_IQBP0M,0
ID_M8ZHY6,1
ID_DKGFB0,0
ID_ZZFZPA,0
ID_CTIZ5E,0
ID_WXU4S2,0
ID_AALBD7,0
ID_UEYCB3,0
ID_62X7IN,1
ID_GPBTOT,1
ID_FW4EFP,0
ID_1NYXTL,0
ID_0WH61A,0
ID_ESTU7M,0
ID_6GWE0A,1
ID_WJ931A,0
ID_TTF0BD,0
ID_D4O909,0
ID_OE5CNO,0
ID_LPYW48,0
ID_Z9AWQN,0
ID_RE5U2F,0
ID_0JP3GG,0
ID_EJXNI4,0
ID_AA3E1I,0
ID_R8BNSL,0
ID_4EN7DI,0
ID_2ABWG0,0
ID_OXKM11,0
ID_QBD4WZ,0
ID_JILRA8,1
ID_6C4X6O,1
ID_8RMVRC,0
ID_G7Z7HH,0
ID_HPS08Q,0
ID_Z4UMTN,0
ID_9K1HSU,0
ID_5IX9E5,1
ID_3XOG5S,0
ID_UQWAST,0
ID_K4675U,0
ID_6CGYOO,0
ID_XV9GLP,1
ID_3FZ5NB,0
ID_P775QX,0
ID_TBAUX6,0
ID_XQTZD2,1
ID_ZDRUPG,0
ID_4Q2BNQ,0
ID_J15T9V,1
ID_W7RRLZ,0
ID_M5INU7,0
ID_TM25LB,0
ID_H7WVJ9,0
ID_6EUW1M,0
ID_GC1945,0
ID_VJT172,1
ID_UDFGLI,0
ID_TG9J22,0
ID_FQ30LQ,1
ID_PSPP2Q,0
ID_VLBD78,0
ID_PR08I6,0
ID_LUWN9A,0
ID_4EIVFF,0
ID_NZUYM7,0
ID_YQAS6L,0
ID_OKST9G,0
ID_V0E8KC,0
ID_C51DCN,1
ID_N990QU,0
ID_0AML9L,1
ID_QP2GKZ,0
ID_LI2HQW,0
ID_EUOT9N,0
ID_MKEV4V,0
ID_VRWCS1,0
ID_LR6DH0,0
ID_HKTZ04,1
ID_YGULCE,1
ID_KEDKSH,1
ID_Q8CNMV,0
ID_C9ZNGF,0
ID_U1FMQ4,0
ID_HU0DKT,1
ID_3EVYVB,0
ID_JC3G9F,0
ID_BSTEHL,0
ID_6H2ZIL,0
ID_Y1LSYY,0
ID_RLXTUU,0
ID_R6X7FU,0
ID_E3VN9Z,0
ID_I4UBFB,0
ID_G90QBE,0
ID_WW9IT5,0
ID_2NHI03,0
ID_74BCB2,0
ID_5WQBBG,1
ID_940263,0
ID_5W4S7Z,0
ID_ENVIUU,0
ID_9T9GMH,1
ID_NMBAR6,1
ID_NWP7HJ,0
ID_60AAYW,0
ID_AE4QAI,0
ID_007CM8,1
ID_5TSXYJ,0
ID_IAELWP,0
ID_CN8KXD,0
ID_WFYG0Q,0
ID_J15LIM,0
ID_0TZNDO,0
ID_53YQSA,0
ID_LNFPIG,0
ID_FE8DCY,0
ID_KI81GU,0
ID_M3AYHJ,1
ID_YOWR0M,0
ID_43QQXB,0
ID_BP51YU,0
ID_IR3YRU,0
ID_K1LO7X,0
ID_QATIR5,1
ID_0QK5LV,0
ID_JSQI5A,0
ID_O6RPHH,1
ID_QRMECV,0
ID_ZY2GX1,0
ID_5KPW2C,0
ID_5QL2AJ,0
ID_3AFBY8,1
ID_QHRE1O,1
ID_ZPJ971,0
ID_NUFDCA,0
ID_OJP9W1,1
ID_FYBW72,1
ID_JUVG5X,1
ID_TKL6WW,0
ID_WEHBEK,0
ID_5MRH0Z,1
ID_EITUKG,0
ID_I1K1VG,1
ID_D06NUS,0
ID_1DLD8N,0
ID_TDJ3BB,0
ID_KF9N6I,0
ID_XTCUBD,1
ID_HMG245,0
ID_V2GIUA,0
ID_54HKQM,0
ID_JNVU16,1
ID_WDLB7M,0
ID_XX2VNU,0
ID_9YNN0S,0
ID_G3T93C,0
ID_R2SPBT,1
ID_QQHKD5,0
ID_SOFSF6,0
ID_7EWVNW,0
ID_Q5SNU7,0
ID_8YQGKB,1
ID_FDJNB3,1
ID_UE8N1R,0
ID_876R9M,0
ID_QQGAO1,0
ID_0TDC43,0
ID_Y9SA5Z,0
ID_NFRWJL,0
ID_MIDEX1,0
ID_35JHR7,0
ID_7AGGXA,0
ID_UNGUDP,0
ID_VT29M2,0
ID_61QTZC,0
ID_IJHTFN,0
ID_6BGRYU,0
ID_6RNOY7,0
ID_B06H39,0
ID_FNW1DC,0
ID_XVEQCE,0
ID_E218VI,1
ID_NNTDBO,1
ID_FTGCDU,0
ID_QRWC4N,0
ID_F6SKL3,0
ID_1XRBZB,0
ID_5FFEYP,0
ID_01BKNN,0
ID_656OFZ,0
ID_HO3CZD,0
ID_WI58NQ,0
ID_JDEXDQ,0
ID_0B97LT,0
ID_VC5TDS,0
ID_LF54Q6,0
ID_YE6A2C,0
ID_FEPKWV,0
ID_L4ONVA,0
ID_OMFFBY,0
ID_ZFRXG9,0
ID_4HXIMT,0
ID_WZCQ9U,1
ID_HU8D3I,0
ID_QU4U1P,1
ID_ZV4WJK,0
ID_M2FVG6,1
ID_23BGX7,0
ID_ON2NUU,0
ID_T695A8,0
ID_WHTCTC,0
ID_6RI82Q,0
ID_E859G9,0
ID_OWWEG4,0
ID_2I577Y,0
ID_J5NLJ8,0
ID_55ZZ9H,0
ID_LDZJB7,0
ID_DB9MLV,0
ID_PSJJGS,0
ID_NUDH2Y,0
ID_MR8H6L,0
ID_UBN8QM,1
ID_7RC4GX,0
ID_ZASAPN,0
ID_DV3LG3,0
ID_DYFDHL,0
ID_DLO78T,0
ID_DD4HO9,0
ID_5KHJQV,0
ID_YXMPLR,0
ID_JADVNP,0
ID_OBRIXN,0
ID_SHMW6A,1
ID_RQRUQP,0
ID_VV1O55,0
ID_ISZD1A,0
ID_6ZMYPS,0
ID_5MPXEP,0
ID_9BY32U,0
ID_2ZK5VZ,0
ID_IBOATD,1
ID_ZTVM7C,0
ID_1RIY2L,0
ID_9JFGRE,0
ID_VO7TJE,1
ID_FVDEL0,0
ID_V2FQQE,0
ID_S84OB7,0
ID_CFZMLS,0
ID_BCVU3C,0
ID_1S9MZ5,1
ID_7YTWY9,0
ID_I6VED5,1
ID_6EIDHJ,1
ID_8408UV,0
ID_QER97F,0
ID_PQG54E,0
ID_QU82K8,0
ID_2WBRX9,0
ID_I9UEUT,0
ID_OEOY87,0
ID_XCBURQ,0
ID_6VAHLK,0
ID_6ICOJE,0
ID_NEUMFF,0
ID_LS7LDO,0
ID_BKFOBS,0
ID_SLUN4N,0
ID_0VT8YU,0
ID_TMP92N,0
ID_1SJIAZ,0
ID_DJM4TE,0
ID_T9NBQF,0
ID_GYL0U5,0
ID_2SZUMH,0
ID_3GMASF,1
ID_LULO14,0
ID_L9OIM1,1
ID_745BZG,0
ID_UB432A,0
ID_MRHKVO,0
ID_5ZPX88,0
ID_GGHSL0,0
ID_5896UD,0
ID_9DUVBK,1
ID_N3IBD1,0
ID_NOLVJ8,0
ID_SI0WR8,0
ID_5VKKYP,1
ID_9QPWXO,0
ID_G3I1ZB,0
ID_KM9A4P,0
ID_F4WHUG,0
ID_3OZJTB,0
ID_4ML780,1
ID_H892UP,0
ID_8VLUST,1
ID_6AAL9Y,1
ID_QYJGK1,1
ID_UX487E,0
ID_QCKMWI,0
ID_25DAGA,0
ID_HGKQOD,0
ID_70L9OQ,0
ID_OREYWW,0
ID_4YIGNA,1
ID_KT1P4Y,1
ID_N3Q6XR,0
ID_C757TM,0
ID_U916KD,0
ID_CMTDBD,0
ID_WG3P7U,0
ID_4TVMLQ,0
ID_KUNYVM,0
ID_1G7KMB,0
ID_6IEQU7,1
ID_N3G726,0
ID_L3YL2G,0
ID_VFLASX,0
ID_L2AKJ9,0
ID_59UADJ,1
ID_WZJBBA,0
ID_MAERH1,0
ID_7K76RW,0
ID_8A0BQP,0
ID_G2LQO9,0
ID_22FKUH,1
ID_ZTJ6CV,0
ID_E9B9D7,0
ID_27D5JH,0
ID_8C15FN,0
ID_L3NA9P,0
ID_MXHEBG,0
ID_0ZA3RN,1
ID_G3IQ8E,1
ID_LE6195,0
ID_169DHL,0
ID_W5EE4W,0
ID_GPV3G4,0
ID_QUAVJC,0
ID_C6DXAV,1
ID_I448T8,1
ID_I3LAQC,0
ID_P7GWGM,0
ID_963XIM,0
ID_FARX82,0
ID_RVFMO9,1
ID_I7ZDGD,0
ID_EJUJZ6,0
ID_1YATMJ,1
ID_SLNOQJ,0
ID_JAHREL,0
ID_DTFZRG,0
ID_1UW062,0
ID_QFVY79,1
ID_Z41IOD,1
ID_JPKN1J,0
ID_5AZQBP,0
ID_GOBD80,1
ID_B8QY4G,0
ID_M21EI6,1
ID_XR04LZ,0
ID_04G1QT,0
ID_52GHFM,0
ID_3GKVSS,0
ID_CVEUQV,0
ID_BOI2L2,1
ID_GCAEER,1
ID_ZNCW42,0
ID_BX9COY,0
ID_3OD9JI,0
ID_7209RY,0
ID_7F2OCJ,0
ID_6G9UUC,0
ID_TKH7SR,0
ID_OLHR3B,0
ID_F1I7E3,0
ID_RI4BCH,0
ID_YJ5YFL,0
ID_G21GHW,0
ID_75YFUM,1
ID_64B779,1
ID_C6W7ON,0
ID_1UHM3F,0
ID_HG4408,0
ID_7HVDP7,0
ID_BTR4PQ,1
ID_14QUMX,0
ID_M314V4,0
ID_3N6AEP,0
ID_BDHWFR,0
ID_SW2LPQ,0
ID_RRJZ1I,1
ID_STE5NY,0
ID_9XA1TU,0
ID_A2JYS3,0
ID_XP3W0M,0
ID_YTAAJ5,1
ID_9XDYDJ,0
ID_CUK8XU,0
ID_KOES86,0
ID_LCOPBX,1
ID_0A62VH,0
ID_TQY79K,0
ID_38367E,0
ID_6QOHN9,0
ID_N1D5OR,0
ID_9N549Y,1
ID_PYRS0D,0
ID_0ZNKSK,0
ID_SY3RBK,0
ID_Z8DUL6,0
ID_7TSC6M,1
ID_91VFOI,0
ID_21OZ0G,0
ID_CFG2B6,0
ID_AATLAS,0
ID_DC1DD0,0
ID_6WO2I4,0
ID_B5WP88,1
ID_FPY4X3,0
ID_PF42WF,0
ID_TTFEK1,1
ID_LG9QZN,0
ID_S5N51N,0
ID_X5L144,0
ID_7TJ21I,1
ID_1LA61R,0
ID_EH28TI,0
ID_AKRV1H,0
ID_MQYEHQ,0
ID_KSTB73,0
ID_Z1GM2A,0
ID_3N44PE,0
ID_R12GA8,0
ID_KWXSXT,0
ID_E8DZG5,0
ID_EFEP8Q,0
ID_ZT7ONW,0
ID_YOU8MX,0
ID_5B5QB9,0
ID_Y4Z6SO,0
ID_POBHVX,0
ID_8LTDYN,0
ID_K6C6WH,1
ID_P368H9,0
ID_PEWO48,0
ID_2DAO9S,0
ID_GNMTCL,0
ID_4GN0IC,0
ID_0G8X3M,0
ID_JVQNBE,0
ID_AZLQG7,0
ID_YQ8RM2,0
ID_EP8ZNB,0
ID_AOPBLT,0
ID_GVZCDA,0
ID_OU3AUI,1
ID_JAJ05M,0
ID_44GSOR,1
ID_93CFRY,0
ID_9CLYZX,1
ID_QLTHLM,0
ID_DKDMAC,1
ID_7XEX91,0
ID_JVZCJE,0
ID_N5REC8,0
ID_RSUKO3,0
ID_QC1SAE,0
ID_LB3VI4,0
ID_70LO9F,0
ID_V1RRSY,0
ID_GCI6BD,0
ID_C8YASX,1
ID_EBCC7Q,0
ID_J5O6PS,0
ID_TG6M78,0
ID_N9EFZE,0
ID_P5GSR4,0
ID_9364XI,1
ID_5HORBP,0
ID_RH2YEK,0
ID_YG216S,0
ID_OMZ1WT,0
ID_QM19VY,0
ID_7EISBM,0
ID_PUV09Z,0
ID_GH71V2,0
ID_P8M84D,0
ID_4F1OHN,0
ID_V7J4LF,0
ID_6J0VV2,0
ID_OXFH0A,0
ID_8H83IR,1
ID_6HX2NR,0
ID_H3G9M7,0
ID_7V9FQH,0
ID_XM5BQ0,0
ID_PDC650,0
ID_UFLZ0S,0
ID_74V07L,0
ID_L2KZ8I,0
ID_JNXB7L,0
ID_OVWJGY,0
ID_HTBRZC,1
ID_WH05N4,0
ID_Z6VW4U,0
ID_VWDOHI,0
ID_KAM038,0
ID_Q1EHM2,0
ID_VPHTK4,1
ID_KP9T9R,0
ID_Z2BG4E,1
ID_KKFLDD,0
ID_48ONHS,1
ID_OVJ20P,0
ID_Z4R03R,0
ID_3LCOJ2,0
ID_O5HJZD,0
ID_ROLWWB,0
ID_4X3EPB,0
ID_MU14YQ,0
ID_GX85PF,0
ID_PXW2P1,0
ID_SFO26H,0
ID_F2EGLI,0
ID_9RHJSJ,0
ID_IS2TXT,0
ID_K87S41,1
ID_DG4HZX,1
ID_T8GMNB,0
ID_WSA1CI,1
ID_EVS6QM,0
ID_B5NGLT,0
ID_CJ9YPZ,0
ID_SNI0Y0,1
ID_6SIOZ3,0
ID_UUTWBG,0
ID_NWU2KI,0
ID_PUQBUS,0
ID_320PWU,0
ID_8UYHR3,0
ID_ONTF81,0
ID_JLVQXB,0
ID_SD7OTE,0
ID_37QZE2,0
ID_TMY8MB,0
ID_C6WKFU,0
ID_4EWCGF,0
ID_LZN15Z,0
ID_W3H2VZ,0
ID_9Q0ZIA,0
ID_PEPEC0,0
ID_MWSWBM,0
ID_UJLV1I,0
ID_8LPZB6,0
ID_50U757,1
ID_I39VVM,0
ID_7EXN9T,1
ID_IPPNBU,0
ID_Y9GPVK,1
ID_NM9N4N,0
ID_K1RVYJ,0
ID_8PV9GC,1
ID_EG2HR8,1
ID_5KL1LV,0
ID_LN4HCP,0
ID_3GPIQ9,0
ID_8F03GN,0
ID_PRTQYO,0
ID_QZH3NL,0
ID_J66U5V,0
ID_0MDGEJ,0
ID_OFVRPF,0
ID_DET2V8,0
ID_H6SC0T,1
ID_NMGBIZ,0
ID_HLDRBW,0
ID_6R1XNY,1
ID_G3E8JI,0
ID_YAOKFF,0
ID_CFJQJ6,0
ID_7S1QD6,0
ID_W2PWMO,0
ID_4150UJ,0
ID_FI3DQS,0
ID_B32V6H,1
ID_0JPHH2,0
ID_HTUS7N,0
ID_MIFKQY,0
ID_RP6NN0,0
ID_A8AFW1,0
ID_9182Q6,0
ID_0Z1120,0
ID_XWRLKQ,0
ID_WR6KML,1
ID_OX5EN9,0
ID_2RQFX7,0
ID_4UI0R6,0
ID_CLAEJI,0
ID_4N626P,1
ID_LCPT03,1
ID_JLZLAW,0
ID_EDJB1Y,0
ID_KSQSDV,0
ID_5CK8GL,1
ID_0YHJ2L,0
ID_RY6ITQ,1
ID_B9HRBF,0
ID_MPS28U,0
ID_IJORGZ,0
ID_P6DYEN,0
ID_WNT5AT,0
ID_QO8C28,0
ID_IQHJ0T,0
ID_FN1JKB,0
ID_LMQKU3,0
ID_XJATPB,0
ID_RET6RL,0
ID_PZ8P23,0
ID_S1S1Y5,0
ID_PHG86T,0
ID_KDNPQA,0
ID_M6D6F0,1
ID_SZSD87,0
ID_CQNEA2,0
ID_T60H41,0
ID_4P3WHW,0
ID_F7YZ6S,0
ID_ZT69DV,0
ID_CLNGMR,1
ID_BZE2FX,0
ID_FSTU0M,0
ID_7TT12I,0
ID_EZ2ZEY,0
ID_9K6MLK,1
ID_SGUVFX,0
ID_HRTKJP,1
ID_R1WS4T,0
ID_3FKI58,0
ID_EX5K3P,0
ID_102408,0
ID_II5DIA,0
ID_2IOC0V,0
ID_0ZXWH1,0
ID_O5IHIN,0
ID_IH74RH,0
ID_Y9KSKA,0
ID_BSSUMZ,0
ID_X9DURP,0
ID_43XZHV,0
ID_F8UYCG,1
ID_6RBBXH,0
ID_I0M6GK,0
ID_7GDFJF,0
ID_FT4OYL,0
ID_5MELPG,0
ID_QVTKY6,0
ID_7JKIFN,0
ID_Z7FUXE,0
ID_GDQNTO,0
ID_NVEM8T,0
ID_2XMPYQ,0
ID_K3R5ZH,0
ID_8YPK47,0
ID_TBY3AI,0
ID_RESVUV,0
ID_EQW4YQ,0
ID_BFW8QI,0
ID_4CQ49Q,0
ID_JP68HA,0
ID_0E8J2K,0
ID_EHI127,0
ID_9HO3I4,0
ID_JOH5KP,0
ID_0DCTXM,0
ID_LQDG9R,0
ID_WZ3TW5,0
ID_IA5KTS,1
ID_D2YXEL,0
ID_8LFB74,0
ID_MYDT6L,0
ID_6GEDII,0
ID_GOF7ZR,0
ID_YSXDS5,1
ID_LBZC65,0
ID_6BM9M9,0
ID_77D5US,0
ID_O6PJMJ,1
ID_VJ68FD,1
ID_NZT6H9,0
ID_6UWAMH,1
ID_7HQ6PH,0
ID_IE2VDT,0
ID_OBKASN,0
ID_NVF1TN,1
ID_4JNHWN,0
ID_WKSILG,0
ID_AXWCBC,0
ID_J6QJ6T,0
ID_YMIIJS,0
ID_LFY0IK,0
ID_M7VP0F,1
ID_97VFZE,0
ID_W1G3G1,0
ID_BIY29I,0
ID_YEFFT9,0
ID_NTQ5IF,0
ID_ACKAJT,0
ID_22GWFV,1
ID_OJSHY6,0
ID_I44VJ5,0
ID_452OOH,0
ID_FR2T4R,0
ID_MO78NK,0
ID_2HIMLY,1
ID_UO2RBQ,1
ID_DW9R76,0
ID_RCME6V,0
ID_A2LJN3,0
ID_WNX6ZX,0
ID_TFYPPS,0
ID_RPMKEY,0
ID_XOURGN,0
ID_BUTESR,1
ID_FOQOXN,0
ID_OUMADW,0
ID_1FE820,1
ID_42NVT7,0
ID_W3I1K9,0
ID_2NMIZQ,0
ID_5A38E1,0
ID_R3BZ9Z,0
ID_TQ99R3,0
ID_20DNLI,0
ID_ZRRZCH,0
ID_F712W9,0
ID_4DQKIW,0
ID_WZ3IHM,0
ID_4OTZPW,0
ID_1ORZA7,0
ID_7MFJW7,0
ID_NZOBNG,0
ID_LGCRYB,0
ID_1X4M1X,1
ID_81X2S5,0
ID_38VRSU,1
ID_C7MEP8,0
ID_S8DAP2,1
ID_LA10SU,0
ID_NZE9OB,0
ID_STU7SN,0
ID_KI2BQ5,0
ID_KLNVIK,0
ID_GTNGLC,0
ID_JFV80B,0
ID_9V5PF5,0
ID_Q09JKL,0
ID_17OKLZ,0
ID_VBYRGO,0
ID_ZXWR1G,0
ID_UZDEDJ,0
ID_384709,0
ID_X3ZARF,0
ID_60F7X4,0
ID_1Y9FAW,1
ID_J2SK6E,1
ID_GL3MYD,0
ID_2TVERK,0
ID_P1PHZ6,0
ID_45IV0Q,0
ID_TG0E5M,0
ID_FJCECE,0
ID_WSVYZ6,1
ID_O7UHS1,0
ID_X3I6YI,0
ID_X7RGUS,0
ID_HGLQQU,0
ID_CWDXX0,0
ID_ISDBY9,0
ID_ZID82Q,0
ID_WHPDIR,1
ID_9W7GML,0
ID_CJE2E7,0
ID_MCPMM4,0
ID_7BZLEE,1
ID_RERUAX,1
ID_ZLK0UF,0
ID_7KN7EL,0
ID_2YO4LH,1
ID_P2J7T7,0
ID_XGL35R,0
ID_8ECEVC,0
ID_I5WLN9,1
ID_27JHSS,0
ID_RPQ87D,1
ID_4TC9D9,0
ID_LBZHY8,0
ID_H7JK91,1
ID_5E5XZQ,0
ID_DI6QE0,0
ID_GGBDDR,0
ID_GVWZPV,0
ID_45FW2P,0
ID_VOAVKE,0
ID_DG1NN4,0
ID_LQBSME,1
ID_19W3YM,0
ID_VM8TLW,0
ID_9443LE,0
ID_EFOOAK,0
ID_0UM3WU,0
ID_ZGJ9B5,0
ID_K1R0NR,0
ID_OZXFDF,0
ID_ZPND6X,0
ID_WEIF5S,0
ID_SID4YE,0
ID_ODU3RX,0
ID_XFRPPE,1
ID_FEM0UY,0
ID_4699MS,0
ID_GSZLC6,1
ID_GJSBUR,0
ID_VMU194,1
ID_3VE3UH,0
ID_16OGCM,0
ID_586QXD,0
ID_7LD249,0
ID_DBP3FF,0
ID_SOZFF7,0
ID_J13I6V,0
ID_HMHO8B,0
ID_QDRPND,0
ID_9D46VK,0
ID_JRC6XE,0
ID_DYESXA,0
ID_85ZB2N,0
ID_9YXT6Y,0
ID_HFNSP5,0
ID_3W9BYP,0
ID_S0IJHN,0
ID_HOAZOB,0
ID_PODBX9,0
ID_IVA3BR,0
ID_795MAG,0
ID_90URK0,0
ID_QVZYH9,0
ID_LXR545,0
ID_LARIDZ,0
ID_27V7I4,1
ID_R2DJEO,0
ID_HZ18KC,0
ID_SUUOV5,0
ID_IQ251K,0
ID_K8VITL,1
ID_X0L4VP,1
ID_QDRNFR,0
ID_GW06S4,0
ID_AT2579,0
ID_Z766I0,0
ID_KGCQ2N,0
ID_5C043X,0
ID_1T8IFT,0
ID_IQNYUL,0
ID_5O172F,1
ID_IPA9DR,0
ID_G1J5F9,0
ID_6EEHDV,0
ID_0YBKQF,1
ID_ML7M33,0
ID_H00EDG,0
ID_XZZCZL,0
ID_M8AZX1,0
ID_OQ0AV1,1
ID_ZXCGQN,0
ID_JQCJHM,0
ID_GCQGK5,0
ID_IRA2O4,0
ID_EVXYN8,0
ID_KZ31I0,0
ID_L2GCX2,0
ID_7QAIGX,0
ID_43224D,0
ID_3W5A3I,0
ID_8W7U62,0
ID_EX40CC,0
ID_PTA19A,0
ID_A9LCCS,0
ID_68GI4A,0
ID_KLHA9S,0
ID_7TE1CG,0
ID_68ML48,1
ID_4Y9ZXM,0
ID_NJ1GP8,0
ID_4ADG7I,1
ID_ZP9UO2,0
ID_5ZM8QV,0
ID_FDSY0R,0
ID_C22612,0
ID_310FMF,0
ID_2P64Q3,0
ID_8CIRS4,0
ID_XH0653,0
ID_6AV5XY,0
ID_Z3S2YN,0
ID_4TXFV3,0
ID_LBOQ0L,0
ID_HRU4D6,0
ID_3BXKUS,0
ID_MAJP13,0
ID_1B45YR,0
ID_X1AB5W,0
ID_G70KWN,0
ID_5TSHIZ,0
ID_MSFD0J,0
ID_AS3CEV,0
ID_2HVLU3,0
ID_F0IJN5,0
ID_52GUVQ,1
ID_4K6OP7,1
ID_CHIXM7,1
ID_5T697B,0
ID_GT97AK,0
ID_RAUE1N,0
ID_PO9IWH,0
ID_CRZGC5,1
ID_YHW952,0
ID_JIGN7R,0
ID_AJ1O1E,0
ID_83EDM3,0
ID_E8D0SL,0
ID_E400Q1,0
ID_CD1XU1,0
ID_IODJCC,1
ID_73R00N,1
ID_MPH22Z,1
ID_64YMFL,0
ID_ETKX9G,0
ID_MGXC9X,0
ID_FZQ64M,0
ID_UPRBIZ,0
ID_5UBZBZ,1
ID_RTW1LH,0
ID_MR4HWV,0
ID_AYWLNG,0
ID_E16NVC,0
ID_LWFWXZ,0
ID_71NZOX,1
ID_K28Q9U,0
ID_N40XDE,1
ID_WWZW0V,0
ID_QO4W4Z,0
ID_99ZU88,0
ID_LOQIGJ,0
ID_Q8ZMWC,0
ID_VEO58W,1
ID_PAB4VN,0
ID_E4SHV1,0
ID_POWPLA,0
ID_GVJ4G8,0
ID_1ZM4RU,1
ID_2UXCBH,1
ID_F6M8SJ,0
ID_9EUPNM,0
ID_7ODZS4,0
ID_ZWVPM6,0
ID_MJ8HJI,0
ID_EAUP50,0
ID_2BFYUZ,0
ID_3O6JWI,1
ID_BI3UO7,0
ID_QE285S,0
ID_K2G815,1
ID_CLLC5N,1
ID_EGEHU1,0
ID_REC7BO,0
ID_7FOLWE,1
ID_XE02IN,0
ID_32HM03,0
ID_Q8ZIKC,1
ID_MS8LO9,0
ID_71WLMR,0
ID_7EH36D,0
ID_D9HNHI,1
ID_GSI54M,1
ID_36ZS2D,0
ID_04PETV,1
ID_Y99BAS,0
ID_I7A5AQ,0
ID_YQ1BPN,0
ID_CKIFLG,0
ID_7GHOOZ,0
ID_J4VX7V,1
ID_HHNLR9,0
ID_LXLJOA,0
ID_MP3KCE,0
ID_BUY8T8,0
ID_GW8X33,0
ID_P04L5D,0
ID_DPOT3M,0
ID_QO22OJ,0
ID_Q1CNJJ,0
ID_5M25WZ,0
ID_3ZKKOD,1
ID_IX6708,0
ID_P5P0XN,0
ID_Q3RK52,0
ID_ZLB8JH,1
ID_KHJFBL,0
ID_IP8PX2,0
ID_9PAZDL,1
ID_3JWWED,0
ID_VAWLOA,0
ID_KTMTI8,0
ID_KY7IPH,0
ID_3L53S7,0
ID_391K5D,0
ID_068MV8,0
ID_QU1V0I,0
ID_JED8LK,1
ID_U6YORC,1
ID_B09JWP,0
ID_NP17BV,0
ID_VUC12T,1
ID_CPR1RR,0
ID_3CFN41,0
ID_TWKUPO,1
ID_ZWPL82,0
ID_6W9DXP,0
ID_SZNIAM,0
ID_PSAY4H,1
ID_1RPUMK,0
ID_RI1H0L,1
ID_8V5GSU,0
ID_XQM8IT,1
ID_DZWEAH,0
ID_PVZMIG,0
ID_2WKKGX,0
ID_WY1AF2,0
ID_Y1NXNE,0
ID_PRRSOG,0
ID_LXE1DU,0
ID_BY4976,0
ID_Q6MO3Q,0
ID_PI16UZ,0
ID_G9JGGY,0
ID_LFKA1G,0
ID_DVDZAJ,0
ID_LVFXAG,0
ID_2S520R,0
ID_GBYH1V,0
ID_30JTZA,0
ID_QUTSMU,0
ID_AMOF1P,0
ID_99LL1M,0
ID_GS92IL,0
ID_FUY2AZ,0
ID_VQ76TW,0
ID_0UAEYN,0
ID_RS0O4V,0
ID_E2UTVR,0
ID_8T9RFW,0
ID_M78AMU,0
ID_C2N2JS,0
ID_SV99VB,0
ID_00XNFF,0
ID_DJLR7K,1
ID_MHDQ5G,0
ID_LVBBXB,0
ID_1S8OF1,1
ID_1IJ7RH,1
ID_D6WYZ0,0
ID_1M6GM3,0
ID_SXHXCA,0
ID_OTSYYK,0
ID_HNDA24,1
ID_ND24Q7,0
ID_JTADM7,0
ID_5P8502,0
ID_1D9KS7,0
ID_PNTFYM,0
ID_KL7CI6,0
ID_39VDVC,0
ID_MMEX3J,0
ID_NQO0V6,0
ID_MCSVLH,0
ID_J6OV4B,1
ID_PRE5OE,0
ID_PJV87B,0
ID_1Z3HRM,0
ID_WF7CU5,0
ID_DG495B,0
ID_XXYQ2F,0
ID_0GV5VF,0
ID_DWMJ4F,0
ID_BOZ040,0
ID_T0YTVJ,0
ID_PPCWYO,0
ID_CC1JRB,0
ID_BD1XJB,1
ID_K59CZY,0
ID_2G3G4G,0
ID_MI8WDU,0
ID_C7I8R1,0
ID_FXSMAE,0
ID_VQUIXE,0
ID_VPAQW0,0
ID_TSVQCL,1
ID_K2BLT9,1
ID_22TSVD,0
ID_7WVD5Z,0
ID_7I4WXT,0
ID_ZSYAOC,0
ID_G7FC48,0
ID_AJ0V5Y,0
ID_GDFJ8M,0
ID_OTK26D,0
ID_6WIXLU,0
ID_MVJJ27,0
ID_N41MO2,0
ID_F2U04B,0
ID_VYR3IW,1
ID_6I15H1,0
ID_FZV0VS,0
ID_YFMTL5,0
ID_QJ73SN,0
ID_2Q3PT1,0
ID_36CQ3Q,0
ID_608JAY,1
ID_6VI2VN,0
ID_C26H8C,0
ID_S7K6K5,0
ID_0Q8VKK,0
ID_SRVNF1,0
ID_F0C403,0
ID_OO9AKM,0
ID_ON7F56,0
ID_7QJJYW,1
ID_R17CFF,0
ID_HOZHI6,0
ID_NB7HVJ,0
ID_6CBPW1,1
ID_EKL6F7,1
ID_47PAYH,0
ID_ICIG74,0
ID_EI5U6E,0
ID_JZ5PL5,0
ID_DFNI6S,0
ID_9ZCVYE,1
ID_X9YHXY,0
ID_AKKF4B,0
ID_MS3DZK,0
ID_4KXDDH,1
ID_DZRDGG,0
ID_0SDYFN,1
ID_UGAQUR,1
ID_Z88REC,0
ID_0Q0CGD,1
ID_0DGK3V,0
ID_F2L0D4,0
ID_QR62PC,0
ID_SZR9D2,0
ID_6AY4UY,1
ID_MT5IGV,0
ID_SG2YF4,0
ID_5BKXVV,1
ID_20HG96,0
ID_ZBEY05,0
ID_HRQUCN,0
ID_P9730W,0
ID_82I9G5,0
ID_3B2VM8,0
ID_MZM27T,0
ID_TZG015,0
ID_F3Y1SG,0
ID_UACQPS,1
ID_5MYU1H,0
ID_AWL519,0
ID_OA4TSV,0
ID_HNGCVJ,0
ID_NCQA7R,0
ID_GUBXCG,0
ID_IQ1CKK,0
ID_PN77V2,0
ID_ZQ06NO,1
ID_LD6LCD,0
ID_DIDEP1,1
ID_IQNGC7,0
ID_IWZWVB,0
ID_VLV3DG,0
ID_XD0LVF,1
ID_2LNHV0,1
ID_EBGQSC,0
ID_1MNXAD,0
ID_I2SJCW,0
ID_O6XQCY,0
ID_42G6OL,1
ID_JWEEG6,0
ID_WPRJHX,0
ID_HNOXXP,0
ID_OIHDUF,0
ID_3E2W8O,0
ID_0D6SMP,0
ID_EK0X8K,0
ID_QZ8FVQ,0
ID_9F2WYB,0
ID_68DJ83,0
ID_VA44P2,0
ID_LE3BAR,0
ID_OF7BUN,0
ID_5IHWTF,1
ID_KQUWO9,0
ID_VIKEU7,0
ID_YT08RM,0
ID_LU7T5J,0
ID_CCON8C,0
ID_FJ99R3,0
ID_97AQ5G,0
ID_ABE8OF,0
ID_KDTY39,1
ID_ZIL96L,0
ID_VRIAE1,1
ID_OY4S2P,0
ID_C4KJ9Y,0
ID_XWDWZW,0
ID_OJ05J7,1
ID_P9P71N,0
ID_ZJ9FGG,0
ID_QH99NP,0
ID_UL0S2J,0
ID_FKSIW4,0
ID_T4DG4L,0
ID_VPEU8S,0
ID_1GYNR9,0
ID_GBJRTV,0
ID_6WLTZE,0
ID_SZ28FJ,0
ID_52RPLR,0
ID_7Q9QPB,0
ID_E6R06T,0
ID_2D9XS7,0
ID_TL191V,0
ID_WT6Y3M,0
ID_A3YYYF,1
ID_Q3Z6G7,1
ID_AQMJTJ,0
ID_NO7F70,0
ID_N00PZJ,1
ID_58435Y,0
ID_Y6J8AR,0
ID_V2Q3KM,0
ID_868AH2,0
ID_JC3E7V,0
ID_MWRAML,0
ID_V6TS8K,1
ID_10CAW4,0
ID_OEIJ6D,0
ID_LT2PLZ,0
ID_UN64TZ,0
ID_2GS2I5,0
ID_CBNONP,0
ID_VP0KMA,0
ID_GOW1Z1,0
ID_1AZ8QS,0
ID_61SPQC,1
ID_12DT18,0
ID_TR54KE,1
ID_Q5DD7I,0
ID_BH5F9I,0
ID_6O8WB2,0
ID_0YO03C,0
ID_LLIKR8,0
ID_FVU40R,0
ID_IL2GHA,0
ID_PECL8Z,0
ID_UOVUWX,0
ID_DZQD4E,0
ID_918HW7,1
ID_WMUSS2,0
ID_8RJXG0,0
ID_LPJPB3,0
ID_FU7X9T,0
ID_E1NGUI,1
ID_QGP6K9,0
ID_K7B7LP,1
ID_PHZ6J9,0
ID_P4ITE4,0
ID_CRFLQL,0
ID_5Z7D97,0
ID_L4XJRG,1
ID_SIQI1G,0
ID_IVJUWU,0
ID_70XZ3R,0
ID_S2TJ78,1
ID_YB3PQY,0
ID_Z0XFVJ,0
ID_MINXBP,0
ID_6W0KV9,0
ID_T3BWS2,1
ID_ZXM9YV,0
ID_4NHZKI,0
ID_CDZMZB,0
ID_MDZUEA,1
ID_7MR590,1
ID_1D9Y15,0
ID_Z82C8Y,0
ID_HW3OL1,1
ID_H2DLJM,0
ID_9RYFGK,0
ID_8KBPX0,1
ID_2W0K0L,0
ID_H40F82,0
ID_XGII9X,1
ID_ZR1WPJ,0
ID_PJH5XB,0
ID_7FLHUV,0
ID_XIV7UP,0
ID_BVZPUN,0
ID_91LLZ6,0
ID_S28D7T,0
ID_JD6TTW,1
ID_3Z67B4,0
ID_NEFZKD,0
ID_4O5ZRN,0
ID_8VEILP,0
ID_EXAV1F,0
ID_886PC8,0
ID_GZSF6I,0
ID_PPGZL0,0
ID_2UPCUC,0
ID_DUKH1S,0
ID_4ILFAH,1
ID_9TNOOJ,1
ID_1COTLZ,0
ID_COI7XT,0
ID_J2CECH,0
ID_469A94,0
ID_60DTYM,0
ID_YM19IL,0
ID_0CURIJ,1
ID_WNIMF6,0
ID_O88IXM,0
ID_49WZOS,0
ID_AVGISN,0
ID_HLKQ5L,0
ID_XOX7FT,0
ID_A08MTX,0
ID_9A6S5S,0
ID_WZTP85,0
ID_4W2C9M,1
ID_21TJ2K,0
ID_4RYFG2,0
ID_R9272P,0
ID_RSP6RK,0
ID_R8DZDL,0
ID_R5GYE1,0
ID_HXP0RO,0
ID_H04YM6,0
ID_EADWVP,0
ID_O596JJ,1
ID_ECF6QE,1
ID_I0N9LO,0
ID_3I1VF0,1
ID_2R851A,1
ID_PM22QG,0
ID_EO6SM5,0
ID_BELFU1,0
ID_GSR1A1,0
ID_ZKHTIE,0
ID_U8U6KW,0
ID_3T3526,0
ID_7ECKYB,0
ID_VB2OR9,0
ID_LZX8SI,0
ID_H7L7II,0
ID_VONF6W,1
ID_136GIZ,1
ID_DN45J1,0
ID_6W48JZ,0
ID_O4D8IK,1
ID_IGKW0J,0
ID_5XHZ96,0
ID_OFM904,0
ID_5FDUIT,0
ID_UVW1O6,0
ID_J22VAY,0
ID_P3JZ3S,1
ID_TCHZKK,0
ID_8JA2LT,0
ID_LZ3CBJ,1
ID_48PBCY,0
ID_IFZWS5,0
ID_NNSWNG,0
ID_3682C1,0
ID_E3BPZG,0
ID_47AC7U,0
ID_7OS2HJ,0
ID_SV6GDE,1
ID_2TITVB,0
ID_BOZZOT,0
ID_ADMJ3M,0
ID_JHF65M,0
ID_4L4EJV,0
ID_POAH3B,0
ID_MEVX99,0
ID_XSIH0V,0
ID_4GYZQC,0
ID_XNZDLE,0
ID_3262Q4,0
ID_NVFT1Q,0
ID_2REZHD,0
ID_V5FUS2,0
ID_WMNDA4,1
ID_NCIHLV,0
ID_CARXBY,0
ID_5TYSWR,0
ID_RWPHAO,0
ID_9BMCHC,1
ID_8N7P6J,1
ID_313O5K,0
ID_EJ9P1J,0
ID_IODKVB,0
ID_XAZS3I,0
ID_A5BLK5,0
ID_L8RQFJ,0
ID_9WDQCY,0
ID_HUHNDM,0
ID_R0N53D,0
ID_5X0G8X,0
ID_H59EII,0
ID_9FQC6G,0
ID_HQKSOW,0
ID_SCQ2N2,0
ID_7OZ301,0
ID_3KI53N,1
ID_0TDNPR,1
ID_8BOM5F,0
ID_0RELJP,0
ID_KEXG2Y,0
ID_XAVDVX,0
ID_D40R4S,0
ID_TY3CU7,1
ID_TAX38E,0
ID_CMKURM,0
ID_PJ9MB8,0
ID_EWIFPG,0
ID_M9FSNO,0
ID_8ZLOZ1,0
ID_97OM6R,1
ID_83GTR1,0
ID_ONXZG2,0
ID_34I159,0
ID_K4IRMM,0
ID_VBIL83,0
ID_0JQYC2,0
ID_T75CSV,1
ID_7AVWS4,1
ID_Z4LO0D,0
ID_VVS71W,0
ID_R1OROQ,0
ID_VTMVQL,1
ID_52EYWJ,0
ID_8JOML1,1
ID_CENS5G,0
ID_KQ4S1G,0
ID_20BKBW,0
ID_2IC5XL,0
ID_H6PH7B,0
ID_RZS0J0,0
ID_K37JXL,0
ID_HH0O15,0
ID_0AQQYL,0
ID_1C7QAW,0
ID_0MG004,0
ID_HGFA2M,1
ID_P4ENYW,0
ID_8QC0M7,0
ID_HFVLKB,0
ID_TCERNV,0
ID_8ZB9XK,0
ID_QBGATD,0
ID_ADDSOF,0
ID_8GD7OS,0
ID_ZVNIOP,0
ID_2GRK9A,0
ID_EYLM31,0
ID_FMFVSZ,0
ID_ZJ6FZU,0
ID_BE0RR9,0
ID_1RPIE5,1
ID_GJ1PXL,0
ID_4ZT8P4,0
ID_659DFX,0
ID_58PJ1T,0
ID_PY2YVN,0
ID_82MFWK,1
ID_D7WXCP,0
ID_4TQ42O,0
ID_XG9GFL,0
ID_LLS5A4,0
ID_SUTIHK,0
ID_ADJV1G,0
ID_FCQKFO,0
ID_KRDLA0,0
ID_X661JG,0
ID_DAQNP7,0
ID_HWU9BE,0
ID_2MXESO,1
ID_I30LQY,0
ID_02COHW,0
ID_XQHK46,0
ID_K9JFSA,0
ID_YWM6LE,1
ID_JEWOFW,0
ID_C240DX,0
ID_R6AG6I,0
ID_6DGLH9,0
ID_TVPE2V,1
ID_O9RFMX,0
ID_PBWEOO,1
ID_90KYG0,1
ID_3IHGLB,0
ID_TG2OYM,0
ID_DZ11WY,1
ID_9TTUJ4,0
ID_6HLP48,0
ID_2T2E99,1
ID_C96BT9,0
ID_651D1W,0
ID_KXUEU5,1
ID_I4YZ9P,0
ID_ANKU6Q,0
ID_WB7175,1
ID_8RHAO1,1
ID_DUN2TN,0
ID_QWVORA,0
ID_CRYIDY,0
ID_ERDMH5,0
ID_H2J2YM,1
ID_9XOM6J,0
ID_SCV8L3,0
ID_O7QNKR,0
ID_GMVBNQ,0
ID_NEY1WS,0
ID_60INNC,0
ID_NGB6TL,1
ID_CKHXPL,0
ID_UU40UV,0
ID_XPS8ZY,0
ID_05IA6O,1
ID_GEA2BK,0
ID_UJ2ILO,0
ID_4MPUD0,0
ID_XJ5EF4,0
ID_V5YJAR,0
ID_FAUUO5,0
ID_PI1Z8W,0
ID_8M5N0B,0
ID_URIJZ2,0
ID_KR1AYS,0
ID_IOSR7T,0
ID_8A9JQ5,0
ID_8PL2RI,0
ID_A0256D,0
ID_6B5BLL,0
ID_3UL450,1
ID_Z7ZL5L,0
ID_G4GUTH,0
ID_GPVCOQ,0
ID_FL7XX8,1
ID_924778,0
ID_89MBPZ,0
ID_G6F8DS,0
ID_BEQBVK,1
ID_ZP8I9H,0
ID_7CYVC9,0
ID_V025IA,0
ID_7BXBNL,0
ID_HUXMHE,0
ID_HC1DD6,0
ID_AU5KEN,0
ID_OWAHK7,0
ID_D330DG,0
ID_QUMAHV,1
ID_NTEE5P,0
ID_V6UA5C,0
ID_1FKTGJ,0
ID_IT44C8,0
ID_Y8ZIP5,1
ID_2HFBIO,0
ID_ZVOV2P,0
ID_E34XB9,0
ID_MH7A3B,1
ID_ODEM3S,1
ID_KW4Y2M,0
ID_6AKXZR,0
ID_BUGX1B,0
ID_P963TL,0
ID_LPH79S,0
ID_OGY6KA,0
ID_SC3WAL,0
ID_06FYFF,1
ID_AHQYEI,0
ID_O6LHQP,1
ID_CN4WD9,0
ID_XIG6X7,0
ID_G6EC53,1
ID_KXDQ6J,0
ID_APDGVQ,0
ID_4MYBDR,0
ID_JCD060,1
ID_66ODB9,0
ID_ZKMKM5,0
ID_03WGJ3,0
ID_H7T1WE,0
ID_MHTPA3,0
ID_YPTSYI,0
ID_CTKHP0,1
ID_E5Y1P2,0
ID_AUBK0F,1
ID_BRWFYG,0
ID_NKY545,0
ID_YNS9O1,0
ID_K7FAO8,0
ID_RCINXX,0
ID_ZOTSC8,0
ID_NVQ2VF,0
ID_UR51G8,0
ID_ES2BLK,0
ID_GJ0D8M,1
ID_KLNW0O,1
ID_71KHP9,0
ID_L10KQL,0
ID_R34JY5,1
ID_XCS5VE,0
ID_55R57Z,0
ID_QS6L5P,0
ID_1I6H49,0
ID_TH8OXN,0
ID_JCJVFF,1
ID_LL0KX4,0
ID_W8TGCY,1
ID_FWQNNS,0
ID_PD2R7G,0
ID_4DJGX4,0
ID_Y31OYJ,0
ID_3FUM0V,1
ID_56OTX7,0
ID_1VFNOH,0
ID_OKNKA1,0
ID_I73U0S,0
ID_5G5A06,0
ID_I74VJK,0
ID_O1PSAL,0
ID_CUPDKI,0
ID_2X91Y6,1
ID_OL720H,0
ID_R7BHAL,0
ID_96CS5H,0
ID_J2E5VU,1
ID_HJ63DB,0
ID_3FQFXV,1
ID_5TMXNG,0
ID_K3Y2J6,0
ID_T2LF31,0
ID_KVUZ4B,1
ID_8JYQ95,0
ID_77D58H,0
ID_WNTQSU,0
ID_1O8V9X,0
ID_ESR5PB,0
ID_ISKN9X,1
ID_1A2QEM,0
ID_RH6BLR,0
ID_L9RJOC,0
ID_5RE7NT,0
ID_KX5EIO,0
ID_29LQLW,0
ID_350NA0,0
ID_91OKSV,0
ID_LEH99I,0
ID_09KU6G,0
ID_MZ652I,1
ID_2FGHXH,0
ID_ITJWFA,0
ID_TL1T80,1
ID_DTNEJ1,1
ID_BNC5J1,0
ID_GOB7J8,0
ID_ISNV5N,0
ID_Y28DGR,0
ID_P9KWS9,1
ID_5XGLKF,0
ID_THE3X7,0
ID_ZVB8H2,0
ID_28PFML,0
ID_11BIEZ,0
ID_D4VXEU,0
ID_VYA537,0
ID_N8NR6D,0
ID_RJZOZ2,0
ID_CW6JON,0
ID_IMRME9,0
ID_HE3ZTX,0
ID_TUBMBU,0
ID_PF8QWY,0
ID_8GWVP1,0
ID_BRPPZQ,1
ID_QEAZVN,0
ID_HT3J56,0
ID_WT43SE,0
ID_7G1ZQN,0
ID_6KT5AJ,0
ID_7I9FQM,0
ID_D4YQCH,0
ID_VJZOG4,0
ID_83OALT,0
ID_PS3RO0,1
ID_WCJA7P,0
ID_P8NNTF,0
ID_IA0F92,0
ID_459VJK,0
ID_M5JMMM,0
ID_E6AFTK,0
ID_5NPV7J,0
ID_W1L0ZJ,0
ID_3Z6P1A,0
ID_J1PQHW,1
ID_7JOS1Z,0
ID_FE7AP3,0
ID_582TCW,0
ID_SLNTYL,0
ID_LRMRQV,0
ID_S9I3S9,0
ID_AT01F2,0
ID_KQP4QJ,0
ID_R8QMPB,0
ID_MOQPP2,0
ID_8PZI1B,0
ID_GMWZA0,0
ID_UM31S4,0
ID_0XU2DC,0
ID_CO2YWG,1
ID_7K05CA,0
ID_BC44NQ,0
ID_IM81Q1,1
ID_M7B9JG,0
ID_HGERJQ,0
ID_S5YCZ7,0
ID_609BNM,0
ID_PVD0RL,0
ID_2PMQO1,1
ID_88OFPQ,0
ID_VK1ETK,0
ID_0DB2LQ,0
ID_O3G27P,0
ID_ASLQI2,0
ID_PJSSVW,0
ID_AFM1I1,0
ID_ALMEAK,0
ID_8L64U9,0
ID_P1XO9M,0
ID_7D7IQW,0
ID_HXV7UW,1
ID_I4A0II,0
ID_Q3J65A,0
ID_86QUYE,0
ID_ZXYOIF,0
ID_NKHSPF,0
ID_W73AFC,0
ID_4K5Q8P,0
ID_79V40K,0
ID_URM78L,0
ID_9CSIMZ,0
ID_XKNG9C,0
ID_77H7XB,0
ID_WVF4OW,0
ID_89KBK5,0
ID_5ACPXF,0
ID_W2URT6,0
ID_UCBMIS,0
ID_E3UOTY,0
ID_MGG5Q4,0
ID_9PVKG1,0
ID_9EE0BI,0
ID_QJ4A3U,0
ID_968VZ4,1
ID_1KIT5B,0
ID_2C84ZH,0
ID_ETGHDI,0
ID_RZCYUB,0
ID_UODSI1,0
ID_P9TKXU,0
ID_TVI3P7,0
ID_K6Y6GI,0
ID_NXW8GP,0
ID_WQ4W5V,0
ID_XO42G3,0
ID_KOHN3M,0
ID_G4O1NS,0
ID_TRTTIZ,0
ID_JEDB6F,0
ID_R3S2DG,0
ID_P869AD,0
ID_RJAIBY,0
ID_5ITP7U,0
ID_BWUX5D,0
ID_HSKUT3,1
ID_T2JOKP,0
ID_RKYJ35,1
ID_5WX7DL,0
ID_Q8U1UR,0
ID_34MYYF,0
ID_HP342O,0
ID_A2BLAV,0
ID_IB8ZW8,1
ID_Q036IO,1
ID_SLW1UX,0
ID_2LVIUV,0
ID_T99WWV,0
ID_6GB27Q,0
ID_1VSFIS,0
ID_FFZYS9,0
ID_VWHV40,0
ID_S6J9FT,0
ID_19L359,0
ID_83J03Z,0
ID_6RMODV,0
ID_YN33F7,0
ID_6CS4TU,0
ID_QZZTOT,0
ID_2RKJFM,0
ID_BN90A2,1
ID_7O5A5Y,0
ID_T8DR5W,0
ID_3DE3W5,0
ID_SJ4NXA,0
ID_2L2GMB,0
ID_E4UWFF,0
ID_ZQ8ZCH,0
ID_QFBAA5,0
ID_C32PG3,1
ID_D2JQP3,0
ID_JTZ5JF,0
ID_2TB0OS,0
ID_3HRE6P,0
ID_E35BHX,1
ID_L6QOX5,0
ID_RLSB56,0
ID_B4H0AH,0
ID_ZBHG1K,0
ID_WBF200,0
ID_IJUCPA,0
ID_51S3M4,0
ID_6LGYC0,0
ID_N4HQFX,1
ID_23JBDR,0
ID_6KYRZ2,0
ID_NSGR1Q,1
ID_W6Y37I,1
ID_NBPUFW,0
ID_UJX0VK,1
ID_SXDF37,1
ID_U4TTAD,0
ID_KV1CGP,0
ID_71TWRL,0
ID_LIY56F,0
ID_PYN4EW,0
ID_VVE0KI,0
ID_0L30Z5,0
ID_Y1DIN7,0
ID_192TNU,0
ID_4X8NUT,0
ID_SSBZ9N,0
ID_41CZ0I,0
ID_RIHI53,0
ID_IQCFFN,1
ID_11MAAC,0
ID_7LV50H,0
ID_FU8OSC,0
ID_OANMJH,0
ID_M12WAP,0
ID_FS77S3,0
ID_XBP5BU,1
ID_O1CU8J,1
ID_96T6WB,0
ID_8LPUN7,0
ID_SASOF4,0
ID_VDAKPB,0
ID_C3EQ9R,0
ID_VY3L14,1
ID_I8XPZY,0
ID_6V8VEV,1
ID_PHBS71,1
ID_PW35D0,0
ID_VP4J9B,0
ID_TM5V1Q,0
ID_3TZ2SY,0
ID_XEUMZM,0
ID_ALC2EW,0
ID_WBAR0Q,0
ID_LXM2MZ,0
ID_MZR3SC,0
ID_8W9IRK,0
ID_2XWHWF,0
ID_0J3E5G,0
ID_LW0E2F,0
ID_KDBQDX,0
ID_H66A44,0
ID_QYJ7WO,0
ID_MENZJ4,0
ID_7KAVMZ,0
ID_43WV58,0
ID_XRXNUG,0
ID_WUO6HR,0
ID_WX5EZP,0
ID_XMHALC,0
ID_62NK4V,0
ID_IBALS3,1
ID_EADJT4,0
ID_6CQZWM,0
ID_RN57OQ,0
ID_235ZA1,0
ID_E1PN1L,0
ID_R5ST69,1
ID_Z29R76,0
ID_PPXRZX,0
ID_CNDSI7,0
ID_LAWK15,1
ID_WXZZQR,0
ID_N2YFBK,0
ID_UHE208,1
ID_4TMQI0,0
ID_OQABFF,0
ID_H966FN,0
ID_O2AGBK,0
ID_0ERLPA,0
ID_8YTGND,0
ID_JKQB6L,0
ID_3N22I9,0
ID_9KD1JR,0
ID_XA25DC,0
ID_PSOO89,0
ID_DPGA8J,0
ID_MRP71A,0
ID_BV6A50,1
ID_BWRQI8,0
ID_WD6UGX,0
ID_LL8I3N,0
ID_STL8WQ,0
ID_MGL2GQ,0
ID_7UV4HE,1
ID_YRBFG5,1
ID_REEF5N,0
ID_15DFT2,0
ID_JYMHBL,0
ID_933DIN,0
ID_YP43IJ,0
ID_CECJI8,1
ID_DB06EC,1
ID_D91VDM,0
ID_TPE0JS,0
ID_XV1PNF,0
ID_3N8S29,0
ID_9SWW2U,0
ID_DA9B79,0
ID_Q8AG1T,0
ID_CQ8VWZ,1
ID_CV9PIS,1
ID_5OKNEN,0
ID_4DTKWY,0
ID_9Q3WU6,1
ID_SN4U9H,0
ID_9VNW11,0
ID_CBNX9W,0
ID_518EQ6,0
ID_9WSBOW,0
ID_83MMI4,1
ID_8UMZ0D,0
ID_0ZN2CV,0
ID_KKYH0D,0
ID_W893AK,0
ID_TXLJJ5,0
ID_PYYWR1,0
ID_1X388Q,0
ID_B99O50,1
ID_NAWT6R,0
ID_3XLGSI,0
ID_M9LUM9,0
ID_M04FQB,0
ID_G4WWDF,0
ID_6BJPGI,0
ID_UDQ4ZC,0
ID_PPI8WM,0
ID_HNFC7M,1
ID_T8ESR2,0
ID_H864WY,0
ID_PT72VJ,0
ID_CFIFYK,0
ID_KKHNML,0
ID_WBYL8D,0
ID_O41HBX,0
ID_5SB842,0
ID_53CPFJ,0
ID_U5L9XW,0
ID_47LY3Y,0
ID_EW4NON,1
ID_R5WBPO,0
ID_6KN2NW,1
ID_HFGIVT,0
ID_5NYQQD,0
ID_T1ACS5,0
ID_X1I709,0
ID_TH1WNK,0
ID_03BL16,0
ID_FU6BQ6,0
ID_NYB4ZR,0
ID_F8MQ9A,0
ID_DG7QJ8,0
ID_522I81,0
ID_NXHA7H,0
ID_M2DSAE,0
ID_J3SZHI,0
ID_3RXQ9K,0
ID_E71ZEW,0
ID_CNP8AJ,0
ID_TH2Z5F,0
ID_0JJWS3,0
ID_BJ1BLE,0
ID_UWIUBV,0
ID_VTD4W1,0
ID_GOH2DK,0
ID_O87KE1,0
ID_8FG4N9,0
ID_DLW0QR,0
ID_ADL2VI,0
ID_3MEKVE,1
ID_4R1ZNV,0
ID_ZM4C69,0
ID_JE345P,1
ID_5XYJ5I,0
ID_RX6M1I,0
ID_GJVOLB,0
ID_V5DAT9,0
ID_X0LWAY,1
ID_572NB6,0
ID_PCD7NT,0
ID_ANEM53,0
ID_GF0DPU,0
ID_FPU74D,0
ID_A1YDFD,0
ID_MLFZPT,0
ID_QZ54I0,1
ID_OCO9LW,1
ID_GW2OXN,1
ID_YG50J0,0
ID_DKIWP8,0
ID_7R0UW9,0
ID_75FE0H,0
ID_OCW5S3,0
ID_DR03XS,0
ID_PG81HP,1
ID_9GBJC4,0
ID_6TLKJ6,0
ID_4BCM3K,1
ID_0ZCZKC,0
ID_Q2MQG2,0
ID_TI0P7W,0
ID_HRGF7L,0
ID_69MLPL,0
ID_CLBID1,0
ID_TSWV3B,0
ID_P58JOF,0
ID_QVKHU2,0
ID_R56VG9,0
ID_AYS1LL,1
ID_4IA58W,0
ID_691MTE,0
ID_J25JYS,1
ID_0V3YBR,0
ID_COQ7EI,0
ID_PARMPZ,1
ID_RL3SUV,0
ID_6OR9ZY,0
ID_E0O506,1
ID_MRCTV1,0
ID_8FOC31,0
ID_G16CEV,0
ID_1L6QAX,1
ID_ZK3HOZ,0
ID_WFIQJB,0
ID_3HDK90,0
ID_LOWLDO,0
ID_RCGOVN,1
ID_BV60QH,0
ID_WCEVLK,0
ID_F4U71J,1
ID_F0X20D,1
ID_ZBYBNR,0
ID_5SIZL4,0
ID_7J13DM,0
ID_JYAOJU,0
ID_TDGBIW,0
ID_XZPUZL,0
ID_5C0LLG,1
ID_N6GL2I,0
ID_2BUE0U,0
ID_QVBI6O,0
ID_920Q6C,0
ID_6DIS01,0
ID_D52KWJ,0
ID_4EPNQL,1
ID_G86MNP,0
ID_8UNBVH,1
ID_FVKFEK,0
ID_KY073S,0
ID_X1RAAZ,0
ID_CUW6PC,0
ID_XD29MH,0
ID_PNRS5X,0
ID_F7PK6E,0
ID_77MF6K,0
ID_VOLUG0,0
ID_PXL6N0,0
ID_AQFKWC,0
ID_6KKDTO,0
ID_Y7XVPT,0
ID_VUBOUO,0
ID_7X9CWI,0
ID_HR1IGC,0
ID_MHKD6D,0
ID_QWLYH4,0
ID_2L85OL,0
ID_47VJ58,0
ID_INU287,0
ID_P862B0,0
ID_OH6OTN,0
ID_X77TDE,0
ID_DP60M2,0
ID_I06LJL,0
ID_NKGTSF,1
ID_D323W5,1
ID_NYV3K2,0
ID_5S6RGP,0
ID_K5072G,0
ID_SF0FDV,0
ID_B5NORY,1
ID_OTDIUM,0
ID_R2CNOQ,0
ID_TP5GAT,0
ID_466NO9,0
ID_F0NRLX,0
ID_GXP8VZ,1
ID_TWLTPF,0
ID_UR1YUQ,0
ID_L3PJWJ,0
ID_YZHQ0C,0
ID_H3NGOF,1
ID_BPE09Z,0
ID_EX9BDO,0
ID_ZMV0F0,0
ID_N6TXKZ,0
ID_D2NQ95,0
ID_WB8OFB,0
ID_N3TSW0,0
ID_VZH7YX,0
ID_2XTUUY,0
ID_W4N7EN,0
ID_UJM1CF,0
ID_V4N8EA,1
ID_93X288,0
ID_61QZXZ,0
ID_1EMT0C,0
ID_RRQET7,0
ID_P9U4U1,0
ID_31LEQ8,0
ID_FM9DQD,0
ID_4WDZ62,0
ID_MGJC6K,0
ID_818L22,0
ID_5ADLQQ,1
ID_A8J56J,0
ID_F3I6H4,1
ID_YZVLGD,1
ID_7EFQEF,0
ID_IBWWX3,0
ID_PK8PJZ,0
ID_6HY0D5,0
ID_4G0QY5,0
ID_T1CLH1,0
ID_X5AXNV,0
ID_2R4PKN,0
ID_SB2SPH,0
ID_YL1SBO,0
ID_2FI61W,0
ID_KVP4FK,0
ID_3OFS9I,0
ID_RLHBS7,0
ID_2NEPI6,0
ID_P9J3PE,0
ID_6YFV4T,0
ID_JE7ZPI,0
ID_LF6OEN,0
ID_41KG9L,0
ID_07WDAB,0
ID_CV8VK8,0
ID_DZIDNC,0
ID_CBDHOG,0
ID_IQSYAO,0
ID_IDDRWG,1
ID_4SH2IX,1
ID_V3YC39,0
ID_GV66RY,0
ID_PMLU0C,0
ID_E7E214,0
ID_PZHHKA,0
ID_6XW119,0
ID_1QFISJ,0
ID_9TT3H4,0
ID_4HI6DN,0
ID_DOOA4F,0
ID_TMSJ0B,1
ID_2Q7YV9,0
ID_MCYWJ5,0
ID_OY0E4Q,0
ID_TXK1CM,0
ID_8FNKCK,0
ID_LQCTHT,1
ID_3RIQWX,1
ID_J5OIE1,1
ID_B17YM3,0
ID_7DPYC6,1
ID_4P1VQ0,0
ID_Z5RZ39,0
ID_T54SUR,1
ID_MCPDCA,0
ID_N17HIK,0
ID_O7PIJY,0
ID_LRFWIJ,0
ID_HYVL4E,1
ID_Z1TXJN,0
ID_U80OQB,0
ID_6LO1J7,1
ID_ADRIHB,0
ID_CCZMME,1
ID_LVF9JW,0
ID_C6LTPW,1
ID_YTW5P7,0
ID_UJWZ3Z,0
ID_RL6OLS,1
ID_770W29,0
ID_5WC1B2,0
ID_A9ADHI,0
ID_DV28H8,0
ID_YX0FQW,1
ID_Y77ERH,0
ID_7KH6DZ,0
ID_BE6P4D,0
ID_ZU6Q7N,0
ID_XHK4MV,0
ID_62RG8M,0
ID_HMAZGU,0
ID_XQNAUR,0
ID_3AOU70,0
ID_JIW9LN,0
ID_XVKZNP,1
ID_5EBKYS,0
ID_8LHT1W,0
ID_DQI9KA,0
ID_9UAAR0,0
ID_4TVZJK,0
ID_FEVMOC,1
ID_T7Y2X2,0
ID_4WTNHH,0
ID_AQZ7XQ,0
ID_VLJHLZ,0
ID_ONLOH1,0
ID_DSYBFA,1
ID_WFD1H2,0
ID_9H589A,0
ID_YFLVE9,1
ID_WSP9AN,0
ID_U24D5F,0
ID_RWW891,1
ID_77MU01,0
ID_WMZZKX,1
ID_22ROAS,0
ID_XWW1YL,0
ID_JUZHUD,0
ID_NNFM8L,0
ID_LBV0HG,0
ID_8Y3N7U,0
ID_D5ZM0G,0
ID_BMKUW0,0
ID_93TQ0R,0
ID_5R2H3V,0
ID_YHUTR2,1
ID_U0PTZS,0
ID_SXOKLZ,0
ID_47SNAP,0
ID_B514VS,1
ID_N899D5,0
ID_1TCOHE,0
ID_EZWN58,0
ID_VJBU8Q,0
ID_LRQHB3,0
ID_UVNF2W,0
ID_P2ZA7E,0
ID_ZINJN8,1
ID_19HD6R,0
ID_YXKQT6,0
ID_UF6PLR,0
ID_L775AB,0
ID_ZX73CF,1
ID_J8NMXU,0
ID_TRSCC0,0
ID_7EME3B,0
ID_O18UEN,0
ID_TC9010,0
ID_OESOSE,0
ID_9FOGFD,0
ID_W9LHQY,0
ID_KZB4ZW,0
ID_WS35QH,0
ID_23BDL3,0
ID_XPI0TX,0
ID_2TUDUE,0
ID_YMB5RP,0
ID_XTRUSY,0
ID_G1EN09,0
ID_4SWXYY,1
ID_GP8BNR,0
ID_NMV4DN,0
ID_X72JU8,0
ID_W90BW8,0
ID_6957YW,0
ID_W55PNG,0
ID_YJA7EH,0
ID_OSWKOS,0
ID_6VXRGU,0
ID_Y6187L,0
ID_E6N6X4,0
ID_6BH2OZ,0
ID_VX7DCC,1
ID_HBQ7OR,0
ID_HK8FNW,0
ID_CROJBY,1
ID_8LE2UW,0
ID_RI4VQ0,1
ID_054ARA,0
ID_I8VPNW,0
ID_XDVRIV,1
ID_FC5SRS,0
ID_IYLWIB,1
ID_D0J50E,0
ID_ARYCD4,0
ID_DGXCOZ,0
ID_9W4SSJ,0
ID_I3STGQ,0
ID_IQNDLE,0
ID_9MLEMO,0
ID_9AI4QG,0
ID_P50L2A,0
ID_TYLK71,0
ID_ONB32U,0
ID_ZY0ZBV,1
ID_PW4CQP,0
ID_1L3MOQ,1
ID_Q8BN8L,0
ID_PMU8VZ,0
ID_4OLT0V,0
ID_DQEXZP,0
ID_6T762Z,1
ID_4MBHCC,0
ID_BM7MP8,0
ID_ZVKA5N,0
ID_M7SSE8,0
ID_Q138G5,1
ID_66QQBI,0
ID_DJM62F,0
ID_PGD1T1,0
ID_F9J3HF,0
ID_3PSE1P,1
ID_MSS6DP,0
ID_7UTD04,0
ID_V6DT6R,0
ID_95XKKB,0
ID_4A6T5Y,0
ID_2YGM1J,1
ID_A1OHK3,0
ID_01KO54,0
ID_0QIQ6K,0
ID_MGDYEE,0
ID_BHSSGG,1
ID_XCUXAY,0
ID_HMBBBA,0
ID_SPQ8NS,0
ID_HJJY63,0
ID_RLKIY5,0
ID_VU5DTN,0
ID_NQIZ7V,0
ID_3PSWXM,0
ID_58UBJK,0
ID_G2RL0X,0
ID_D1V79E,0
ID_YSRQ2Z,0
ID_T2FQZA,0
ID_N7EWL5,0
ID_T0NVB5,0
ID_8F6NKT,0
ID_H04L27,0
ID_34AQD7,0
ID_I8YZUX,0
ID_XXYVBS,1
ID_ENF3H3,0
ID_OJFX0V,0
ID_CQ9IFZ,0
ID_A1KLV9,1
ID_QUDEN4,0
ID_AYUCKA,0
ID_AQ991A,1
ID_72QN9M,0
ID_MG038K,0
ID_UIVDQO,0
ID_UBLL35,0
ID_QIY20A,0
ID_OWBUM9,1
ID_KKUZIR,0
ID_YXTZ15,1
ID_G8K2G6,0
ID_JO3D34,0
ID_200VAC,0
ID_TKQTW9,1
ID_RZ5QVZ,1
ID_TBRT8T,0
ID_SS113N,0
ID_Y7W4YW,0
ID_KWPJCF,1
ID_191GR0,0
ID_0KSUKB,0
ID_3ER0I3,0
ID_05L9I7,0
ID_UVC74L,0
ID_V6SWGH,0
ID_W0XCSZ,1
ID_WSXTUG,0
ID_T2E4ET,0
ID_WIYAF5,0
ID_73SHHT,0
ID_AFE5PE,0
ID_NS9CET,0
ID_2LOJC6,0
ID_A22EXS,0
ID_G89R7I,0
ID_396L66,0
ID_CA3HAG,0
ID_6ZB28D,0
ID_4SNV2K,1
ID_245ZIR,0
ID_24SRJT,1
ID_C54DKK,0
ID_P0T7YM,0
ID_4HP580,0
ID_1GUM5U,0
ID_YQ8442,0
ID_JVRYEJ,1
ID_RRHGGE,0
ID_H45WX3,1
ID_9K4T13,0
ID_LLVXYM,0
ID_AVAAJP,0
ID_6RVIRS,0
ID_K4MFRF,1
ID_LC610Z,0
ID_V3YZV3,0
ID_0P6QQA,1
ID_92IXIP,0
ID_E5DBPZ,0
ID_HGV66J,0
ID_Z14XE6,0
ID_3JLID3,0
ID_WK86BA,0
ID_ZR7YLD,0
ID_ZJ8M9M,0
ID_PAK3AN,0
ID_KKHYI6,1
ID_BIXERG,1
ID_BJU8UB,0
ID_B9KEZK,0
ID_5UBWW0,0
ID_68P9EW,1
ID_NNQYGB,0
ID_TY27XE,0
ID_SYLDGT,0
ID_7YH3VP,0
ID_E74QI8,1
ID_5R11N4,0
ID_6RO6GA,0
ID_3PUSF4,0
ID_2C844S,1
ID_GSVKLP,1
ID_PY9HSS,0
ID_DD17VK,0
ID_YJ7PGC,0
ID_66DEX6,1
ID_Y3T6KZ,1
ID_6H3JPC,1
ID_H6QIQL,0
ID_1LWX0G,1
ID_86O2KL,0
ID_X8J88J,1
ID_6WDWS6,0
ID_6JZPF2,0
ID_C0M6JS,0
ID_JV9QE3,0
ID_FPYMX7,0
ID_W5TFAJ,0
ID_80FMWK,0
ID_IEOMH8,1
ID_SUC5IJ,0
ID_Z86KJ1,0
ID_SIZQUV,0
ID_5K5OND,0
ID_VNDM89,0
ID_732ZCB,0
ID_C4KIM2,0
ID_OI9VYJ,0
ID_ZMUYMG,0
ID_SIGTME,1
ID_G8M5Z4,0
ID_ER2RNW,0
ID_UB7MN9,0
ID_0E20CM,1
ID_GR44KM,0
ID_1185DJ,0
ID_JFC9XX,0
ID_QK1V0L,1
ID_OXDEHU,1
ID_DFF67E,0
ID_BHG9DJ,0
ID_M7L4II,0
ID_MFV52I,0
ID_5DC45Z,0
ID_LLVS9M,0
ID_QU6UB2,1
ID_BX5LLH,0
ID_8A3CKJ,0
ID_FX62SD,0
ID_VJ45EY,0
ID_IAJDBD,0
ID_ICVOYE,1
ID_KRUSP4,0
ID_X7NAMW,0
ID_C2VIW1,0
ID_JNUACM,1
ID_HRCIJR,1
ID_Q4UTEW,0
ID_9DJSTX,0
ID_IQY07N,0
ID_MU94RQ,1
ID_VOHJDD,1
ID_Y48GNN,0
ID_QHGMFR,1
ID_USR99M,0
ID_56MXDP,0
ID_8KEETV,0
ID_7R3LYY,0
ID_M4U1YB,0
ID_6AUI41,0
ID_F00Y8B,0
ID_BROJZF,0
ID_GR3Y19,0
ID_2IA0A2,0
ID_E4KQG7,0
ID_U9W5PD,0
ID_EQW4KZ,1
ID_7INDH8,0
ID_NY9CPP,0
ID_WY903G,0
ID_PVHVY3,0
ID_0DVT9M,0
ID_6YCJ5Z,0
ID_Y76QGB,1
ID_VTBXSZ,0
ID_F4S860,0
ID_BQNIJU,0
ID_HJU0OJ,0
ID_BFEHG8,0
ID_3CF12P,1
ID_L0O8XQ,1
ID_HJSKNY,1
ID_ZZQGLN,0
ID_C4BKR4,1
ID_B0CSTM,0
ID_GCPJW2,0
ID_UFCNWO,0
ID_PG076Z,0
ID_OX6OJ3,0
ID_S63I7X,0
ID_4ZJ6ZU,0
ID_2SYSMM,0
ID_N3ZB67,1
ID_59SV3T,1
ID_3NRLDL,1
ID_3250G8,0
ID_NA4ORQ,0
ID_Q1BLPW,0
ID_3LXICI,0
ID_WULDGQ,0
ID_0YNYSZ,0
ID_I5JA7D,1
ID_2ACL1J,0
ID_K0HU6N,0
ID_CUMLPV,0
ID_ZZBGYK,1
ID_SLEXXU,0
ID_EPJPB9,0
ID_1IPFWB,0
ID_VTW38K,0
ID_JK8QJR,1
ID_VJD0YB,0
ID_MSKPH5,0
ID_HPKGJY,0
ID_B2WPWK,0
ID_O2I3EX,0
ID_MOREL6,1
ID_YIBFW3,0
ID_8SBTS4,0
ID_EB95Z4,0
ID_2BS8N9,1
ID_0082FF,0
ID_1Y42KO,0
ID_FW9VHO,0
ID_4DMBJI,0
ID_NYXFDU,1
ID_M0YDU6,0
ID_RZQC75,0
ID_1CAJ7F,1
ID_ULHAGH,1
ID_UN9DJM,0
ID_5FXS8S,1
ID_2RMONB,0
ID_1OC1LU,0
ID_CSCS6O,1
ID_RYIKOY,0
ID_R80AVF,1
ID_4PS6G9,0
ID_7N6MFN,0
ID_XBSWQ7,0
ID_L11Z2F,0
ID_UH6FY0,0
ID_20V4NO,0
ID_0JHDUB,0
ID_2X6XR7,0
ID_GTV8NU,0
ID_SK6GCY,0
ID_FHQZ3Y,0
ID_P55LTA,0
ID_EH0YPG,0
ID_3AVSHZ,0
ID_C8K73S,0
ID_MAZ1GR,0
ID_ZB9N32,0
ID_NQ3HVO,0
ID_V0GBE6,0
ID_6PBJ85,0
ID_49YQ53,0
ID_VKT3IG,1
ID_VFN43S,0
ID_F44ZLX,0
ID_HCYOLB,1
ID_8GQBBG,0
ID_MWJ44D,0
ID_FLLAY3,0
ID_XDQ9VD,0
ID_6PW2LY,0
ID_52SLN5,1
ID_E47NHA,0
ID_Z0NGRD,1
ID_I8SG86,0
ID_78V7FE,0
ID_V24BT3,0
ID_8UHCYR,0
ID_HB7E0V,0
ID_1GL3LZ,1
ID_RTOATY,0
ID_HDI86S,0
ID_KI7233,0
ID_319B30,0
ID_2P1HXP,0
ID_EW0Y8H,0
ID_OC9DBT,0
ID_58R9JA,0
ID_Y0AH33,0
ID_A856HF,1
ID_FDNMV3,0
ID_TTLL9P,0
ID_BUV2XI,0
ID_L8Z0MA,0
ID_4UHFO6,0
ID_8XNK0L,0
ID_HS3RBB,1
ID_LT0J3F,0
ID_9C5FVH,0
ID_9AKGR6,0
ID_3BPODL,0
ID_QJCBSK,0
ID_M01I9K,0
ID_123HZM,0
ID_I1172N,0
ID_KL0CPS,0
ID_H302IZ,0
ID_RCA7UQ,0
ID_H9DAN3,0
ID_74N6Q8,0
ID_X8KYW4,1
ID_LVXA9S,0
ID_65YJET,0
ID_S9SJOP,0
ID_MN2Y9F,1
ID_HFLOCO,0
ID_726TTP,0
ID_D1L8GP,0
ID_N0RCVC,0
ID_4SCMO1,0
ID_8MXZF2,0
ID_LOZIJB,1
ID_CB2N4L,0
ID_9Q5CU3,1
ID_YBLTK3,0
ID_NSURFM,0
ID_MAOKIM,0
ID_KNX0JF,0
ID_PECUJN,0
ID_28L4UH,0
ID_889S51,0
ID_J3R0QH,0
ID_PZPO8C,0
ID_0D1Q60,1
ID_CUICJX,0
ID_3RYJPI,0
ID_BCCEKM,0
ID_W05U76,1
ID_4Q6160,0
ID_DBVWNT,0
ID_1HAE6D,1
ID_43MBB2,0
ID_SFOCAF,0
ID_KYZ45Z,0
ID_FC956R,0
ID_VOQRHA,0
ID_AE5ONV,0
ID_JHK86M,0
ID_QYJ4O1,1
ID_7VS0H9,0
ID_CZ2KAZ,0
ID_4GAAGY,0
ID_ZY4UB6,0
ID_VWU1TO,0
ID_4IWL6V,0
ID_S11R6K,0
ID_JWLS2P,0
ID_DRLITV,0
ID_6GIPN1,0
ID_3SQAEY,0
ID_F6D58S,1
ID_LJGEJF,0
ID_10JM6R,0
ID_3OLJED,1
ID_O6UUZ9,0
ID_RZNSVO,1
ID_XWPXXL,0
ID_ZNOBY4,0
ID_JMD3X9,0
ID_0192W8,1
ID_89NZ31,0
ID_M6X7MX,1
ID_HB4MZ4,0
ID_8DCT5M,0
ID_RFOMFB,0
ID_E9W6B8,0
ID_76Z6PR,0
ID_R0CNCE,1
ID_GH6DFA,0
ID_H0O6G1,0
ID_HPER5W,0
ID_4RHTHH,0
ID_93Q730,0
ID_68G1SE,0
ID_OOV0MN,0
ID_OTX6EO,0
ID_CM4LF6,0
ID_2ZF9AJ,0
ID_0B5GNE,1
ID_35R487,0
ID_FRBC1T,1
ID_78IL5A,0
ID_SLT9LC,0
ID_NMN77O,0
ID_3NOY29,0
ID_2HVBDJ,0
ID_GXZPRT,0
ID_2BD7MM,1
ID_2IY1F8,0
ID_9L6O4I,1
ID_WSGKRV,0
ID_O6WQOG,0
ID_AG479I,0
ID_Z6HB0A,0
ID_A9NKDG,1
ID_FB19D4,0
ID_H0I9JO,1
ID_RMYZ02,0
ID_HMJH84,0
ID_VIZ0NB,0
ID_OVX7RH,0
ID_QM35IB,1
ID_HJ0C53,1
ID_V9SWQJ,1
ID_9I13DX,0
ID_M03HES,0
ID_W5EHKV,0
ID_WIRUTW,0
ID_L34OV2,0
ID_MXM4KB,0
ID_005GY8,0
ID_KU5OII,0
ID_5NIFQA,0
ID_3C9TH2,0
ID_AC3P0A,0
ID_MFOQY9,0
ID_ZNW143,1
ID_D0ONMF,0
ID_J2E9BT,1
ID_L5N9G5,1
ID_J6P53R,0
ID_RDPJUR,0
ID_YY7KQH,0
ID_U1YY0R,0
ID_YX13GS,0
ID_23DWV4,1
ID_GFRE0T,0
ID_GTR00H,0
ID_DZZXKQ,0
ID_BE1855,0
ID_IB5J4V,0
ID_KMQ1UK,0
ID_EMI2M1,0
ID_7W08ZY,0
ID_9S4MX2,0
ID_C0RW46,0
ID_CDDQO0,1
ID_DWDZZT,0
ID_9M7QON,0
ID_UE4QOP,0
ID_CIG6RW,0
ID_L6HNSN,0
ID_JZS8U1,1
ID_5X4INQ,0
ID_JWJI3S,0
ID_I9IAVR,0
ID_V1LLV0,0
ID_4BRZ8V,0
ID_679FWC,0
ID_IB3R1U,0
ID_15BO9S,0
ID_TUSYFF,1
ID_1H5KC5,0
ID_5PZ0BS,1
ID_1TJTP7,0
ID_5J6BVC,0
ID_PEK0PX,1
ID_B9AY36,0
ID_MRDSVB,0
ID_KADBSQ,0
ID_MA449V,0
ID_31S0VZ,0
ID_XCULWX,0
ID_7XP48E,1
ID_HTPYE1,0
ID_3KMGQS,0
ID_OXO6Y0,1
ID_D5HIPQ,0
ID_SC39JO,0
ID_732Y5M,0
ID_MDRVGV,0
ID_S96A1L,0
ID_27AZGZ,0
ID_2FK0NW,1
ID_KESEXN,0
ID_3SO1UB,0
ID_JZQ4LQ,0
ID_YIJFYR,1
ID_GXUAZ6,0
ID_J81MY1,0
ID_GMVF0F,0
ID_HFJ7EW,0
ID_1H4SWV,1
ID_H919PK,1
ID_9W8W3O,0
ID_HL3C07,0
ID_GHPT5A,0
ID_MMHHON,0
ID_88MRHC,0
ID_V5173L,0
ID_35M2XH,0
ID_90N339,0
ID_JKS901,0
ID_ME0FY7,0
ID_0Y77S5,0
ID_WE77JR,0
ID_6E3IS1,0
ID_JU08TT,0
ID_WQR5W8,0
ID_4KDK9A,0
ID_MSQ7RV,0
ID_OVOJ09,0
ID_WXOLJB,0
ID_0YOO3H,0
ID_SLWUNW,0
ID_E9O4LX,0
ID_DI2KD6,0
ID_9A1VED,0
ID_QOGKAW,0
ID_XW485J,0
ID_99ONCZ,0
ID_196J79,1
ID_36241D,0
ID_TO9QLL,0
ID_9DRXXV,0
ID_3B5RGN,1
ID_37DLIW,0
ID_DCP3CI,0
ID_D8WIW1,0
ID_6BI52J,0
ID_LIP7MG,0
ID_19U0Q2,1
ID_3JAYTC,0
ID_BKA164,0
ID_D27EJN,1
ID_UJONIT,1
ID_UAZASL,0
ID_4LXR9Y,0
ID_EZFGBX,0
ID_9AY0HU,0
ID_1RBF6V,0
ID_9JA8XH,1
ID_7QPDLK,0
ID_7OZLU1,0
ID_FGL1DS,1
ID_KX83DR,0
ID_B73LAI,1
ID_4HPIHW,1
ID_5UC1A6,0
ID_QUFFLD,0
ID_5J72KC,1
ID_HNR6O5,1
ID_286W35,0
ID_NH3559,0
ID_INYWQ1,0
ID_RA3093,0
ID_0CKONT,0
ID_3NW5BZ,0
ID_9R2QYZ,0
ID_4F4EPU,1
ID_S4WCC0,0
ID_NQBBT0,0
ID_4JL1WN,1
ID_3CJ3JV,0
ID_GHJ00R,0
ID_YI9B2V,0
ID_7Z37O8,0
ID_5GX0AQ,0
ID_06M4OW,0
ID_27LH2Q,0
ID_MCFBQK,0
ID_X0Q5CJ,1
ID_YW7943,0
ID_0RINYQ,0
ID_648AJG,0
ID_YML24Q,0
ID_7MLUY1,0
ID_PX2XI5,1
ID_UREW7K,0
ID_BISZQ2,0
ID_ZVCK7X,1
ID_NWK710,1
ID_4QJF11,0
ID_5WAMVM,1
ID_1DUIPU,0
ID_TAE0BX,0
ID_N78WXF,0
ID_KY8269,0
ID_9VO4XH,0
ID_9TTL9R,1
ID_U3675L,0
ID_PAUQOG,0
ID_RS2LY4,0
ID_6X7Y16,1
ID_IL3YLV,0
ID_EERYOA,0
ID_BFV28B,0
ID_0L6B7R,0
ID_INIV2H,1
ID_0EK0OJ,1
ID_3O0D9U,0
ID_LXUNI3,0
ID_I698WJ,0
ID_H0UUZY,0
ID_YT7BN2,0
ID_EPGM52,1
ID_7XZBV9,0
ID_7DY4OG,0
ID_G2PSLR,0
ID_1QZW1X,1
ID_QQ90H9,0
ID_7MG74J,0
ID_68NYUW,0
ID_SU881P,0
ID_7E4I92,0
ID_EL6XYB,1
ID_HJ4KZ3,0
ID_MO51V6,0
ID_E8X7BV,0
ID_W73PHL,0
ID_1918AR,0
ID_Q9VU61,0
ID_XY6KQ6,0
ID_8EJL3G,1
ID_TSTNM4,0
ID_6AYZ0O,0
ID_GYSFJZ,0
ID_P25213,0
ID_9ZCKAC,0
ID_FTRZC8,1
ID_R4XNUS,0
ID_264OL4,0
ID_2T0DRQ,1
ID_7SVDAQ,0
ID_L9ZX97,1
ID_0XKPYA,0
ID_S61SK2,0
ID_F3GCEV,0
ID_QJ2WBY,0
ID_BRM5YZ,0
ID_4YDWV9,0
ID_VX397V,0
ID_7LJWIT,0
ID_02G7D7,0
ID_RV2CXI,1
ID_VRYYWA,0
ID_128ND4,1
ID_M6FF3T,0
ID_1FBYUM,0
ID_TSLZ9E,0
ID_8YRSAM,0
ID_U51NPT,0
ID_BBN0BV,0
ID_HZDDG9,1
ID_M72I6S,0
ID_T9V4X1,0
ID_AD2B3W,0
ID_60W46Y,0
ID_A9NPFJ,0
ID_QH28Z2,0
ID_UYHB7W,0
ID_N1AC3H,0
ID_WDL2S9,0
ID_CBYRV5,0
ID_A1QL07,0
ID_T4IP4H,0
ID_M7NDTB,0
ID_GPQU0G,0
ID_LT645H,0
ID_1N846L,0
ID_QZ0PFS,0
ID_42J5SB,0
ID_QTPAXI,0
ID_19WLPQ,0
ID_6K6IYX,0
ID_JEO0VF,0
ID_ITVTF8,0
ID_62XBHO,0
ID_8CI1EO,0
ID_XZ68HK,1
ID_EA1S2U,0
ID_4OIL1G,1
ID_7YSPKC,0
ID_XALCJG,0
ID_8LK90C,0
ID_Y4TMDG,1
ID_AKOYHB,1
ID_Q50FKM,0
ID_FM2TLC,0
ID_TOO2OD,0
ID_ZZHKTQ,0
ID_PKL73U,0
ID_O7O3NH,0
ID_0BIFZ1,0
ID_2DX3XO,0
ID_OPR97C,0
ID_R49JS2,1
ID_B7Q2PN,0
ID_X593VR,0
ID_6QP8U3,1
ID_44DX8M,0
ID_JF7ZK3,0
ID_V9W3RV,0
ID_O8B6PP,0
ID_PZ3QS4,0
ID_AT1HVT,0
ID_8EJ5AR,0
ID_SDYBVY,0
ID_RAIKWD,0
ID_W67KFE,0
ID_T3KPUJ,0
ID_LFLHIQ,0
ID_OKJ1VW,0
ID_9VR7PW,0
ID_0KI0I1,0
ID_8XU8QO,0
ID_OXBLIB,1
ID_0YOF4B,0
ID_TIKX5G,0
ID_WGY8QZ,1
ID_K7M21T,1
ID_ZQF26V,1
ID_2A715S,1
ID_SD8NBD,0
ID_O956RB,0
ID_WDHUPF,0
ID_O5JPU6,1
ID_TXWHQC,0
ID_FRBWHS,0
ID_6BCSDD,0
ID_VWKM8W,0
ID_9QNMPJ,0
ID_6A9Y2K,0
ID_T23CKD,0
ID_TNHJC0,0
ID_4OFN6R,0
ID_6OLA61,0
ID_F2LS7Y,0
ID_7IUF0F,0
ID_8R3L0R,0
ID_C85TC9,1
ID_27AOEC,0
ID_9A5BJX,0
ID_2NATKA,0
ID_WTBL5Z,0
ID_JSB7OB,0
ID_URS8V5,0
ID_1PM7QX,0
ID_MPJKT8,0
ID_H1WLGL,0
ID_R4EW1Q,0
ID_GHMTME,0
ID_W34EGI,0
ID_12352M,0
ID_ITQ9W8,1
ID_KTVR51,0
ID_YYQP0W,0
ID_8F2HDD,0
ID_P03N6J,1
ID_E7L0E9,0
ID_Y6WARC,0
ID_7QNM7M,1
ID_G0XXKM,0
ID_7IS92V,0
ID_L7F7XS,1
ID_7V53ID,0
ID_U8KOJY,0
ID_ER8HXY,0
ID_JLF2TF,0
ID_CRUHFS,0
ID_WNTRZB,0
ID_2Z7V5N,0
ID_XKKZID,0
ID_1N7KC1,0
ID_KMZLOF,0
ID_RDKW7Q,0
ID_ZKLA60,0
ID_3W72AO,0
ID_6OW0XM,0
ID_OIUCUG,0
ID_YX3HDE,0
ID_U0KS9S,1
ID_DET0M5,0
ID_8I1D83,0
ID_NEC6MK,0
ID_H2UWV2,0
ID_7NQ15D,0
ID_UI1E83,0
ID_2E3CA9,0
ID_YRLSYM,0
ID_1F3FS1,0
ID_OSISXN,0
ID_TO5OUH,0
ID_GTCH60,0
ID_I0R9OX,0
ID_M9TY6P,0
ID_15Y2YS,0
ID_4I4V2B,0
ID_H3U2CC,0
ID_BF3AYV,0
ID_ONLD6X,0
ID_XOY639,1
ID_XD4WH5,0
ID_KDT4UL,0
ID_PFR4NY,0
ID_JWIOQJ,0
ID_POAN7D,0
ID_NXAYAS,1
ID_5J58QZ,1
ID_20JCQV,0
ID_QSSMQC,0
ID_9WY0QM,0
ID_ZW2S4R,0
ID_CSKQ7B,0
ID_RIE8DQ,1
ID_BQ0SOX,1
ID_DDL05C,0
ID_9D9W0Y,0
ID_NFJJ2Y,1
ID_2OH3JT,0
ID_HI5MDU,1
ID_4Z9H5D,0
ID_RSM4E3,0
ID_2UWNBU,0
ID_5HV92A,0
ID_GV66W0,0
ID_M9U9XF,1
ID_PWCCL6,0
ID_HO92LU,0
ID_Y6K4L7,0
ID_HTPS2B,1
ID_LQH4QQ,1
ID_D6TKAH,0
ID_H4J1P6,0
ID_NLD6JT,0
ID_KU78MI,0
ID_5MXZSW,0
ID_NQ7IZL,0
ID_K69UTR,0
ID_L6LEM8,0
ID_WUMBXZ,0
ID_AWSUXJ,0
ID_WA9PMS,0
ID_PJOM30,0
ID_ZYCZZ8,0
ID_2VKKRD,0
ID_9INM3G,0
ID_YQEL0O,0
ID_0P47XW,0
ID_VV6TXO,0
ID_Q401I5,0
ID_CW2R86,0
ID_OKM39E,0
ID_V1LGMB,0
ID_Q0I8PE,1
ID_9ENCWR,0
ID_X2YE2G,0
ID_G27IMU,1
ID_E6SIZ7,0
ID_ZWO98C,0
ID_U6PU1Q,0
ID_41DPL9,1
ID_Y8TNCF,0
ID_TOBK0F,1
ID_J38QYM,0
ID_X14EBL,0
ID_J3DIL2,0
ID_YNQYYR,0
ID_6E7DRF,0
ID_IW9Z8W,0
ID_8ETSVT,0
ID_HRZV7E,0
ID_NAU45Z,0
ID_J5SGPJ,1
ID_G0J7NT,0
ID_WNQ9PD,0
ID_2ZRTP1,1
ID_WL6ORU,0
ID_IC7LZC,0
ID_DJCSBL,0
ID_4A0J1Q,0
ID_BC1B35,0
ID_6VUJ54,0
ID_18DVRI,0
ID_B29MKB,0
ID_ZV5J4H,0
ID_VJH8YO,0
ID_I5Z8AA,0
ID_JWFYOL,0
ID_GX316H,0
ID_2KIMPQ,0
ID_UOXYVY,0
ID_XVAR1O,0
ID_AHBSTG,0
ID_Q9AQFE,0
ID_I1PKZ8,0
ID_X9S5EA,0
ID_QBZDMO,0
ID_1ZD10P,0
ID_I1LRGI,0
ID_G5PCYU,0
ID_DE577R,1
ID_KTBGMQ,0
ID_CZ5JHT,1
ID_OL5CGN,0
ID_11H40B,0
ID_Z1L6D3,1
ID_1YAUGV,0
ID_BSA86N,0
ID_HBAE7Z,0
ID_BXMJMX,0
ID_PXHNYL,0
ID_Q3HBER,0
ID_VQE0PR,0
ID_FOMA7T,0
ID_J14DSA,0
ID_QGQXHT,1
ID_UNGTS7,0
ID_O54GMM,0
ID_YKQN97,0
ID_IPYDA6,1
ID_ZYYK5M,0
ID_SXJ58E,0
ID_D40ET7,0
ID_SCIPJW,0
ID_ANZZXJ,0
ID_K01TJI,0
ID_O8EG80,0
ID_2ZVYPQ,0
ID_YNJHJE,1
ID_1I72AH,0
ID_HF19MV,0
ID_GOCUJA,0
ID_EHSRI7,0
ID_ZAQ8HD,0
ID_GPANMC,0
ID_I15I3W,1
ID_WWMY2M,0
ID_VYUE3H,0
ID_E0OZAM,0
ID_MI305G,0
ID_SXNZTA,0
ID_ZJWR0L,0
ID_TQNDEK,0
ID_2LIDAM,0
ID_QPZ12E,0
ID_O94ZON,0
ID_Q6GIYB,0
ID_QS5V6Y,0
ID_O8D825,1
ID_2XP4DA,0
ID_RV3BTR,0
ID_YMRTMC,0
ID_EWON2F,1
ID_CWVGU2,0
ID_SI0MFH,0
ID_FE3LQ8,1
ID_O605EW,0
ID_CQ9BK8,0
ID_9XZUFK,0
ID_Y7FIFG,0
ID_NGE6K1,0
ID_6URCZD,0
ID_GBIMP4,0
ID_C91KSV,0
ID_SZF7CG,0
ID_N3KBZW,0
ID_AELKLR,0
ID_89ZSS9,1
ID_PSFMT5,0
ID_CUN9WD,0
ID_RN2WBE,0
ID_55HKWE,0
ID_85ULVE,1
ID_J18MAO,0
ID_Y350GT,0
ID_U7IFQ3,0
ID_EC9GDP,0
ID_E7GCF5,1
ID_GJDEZG,0
ID_CQXUW1,0
ID_ZOMN1P,1
ID_9NOF2S,1
ID_C5S533,0
ID_PD4QB0,0
ID_ZWQLO0,0
ID_CI2U3R,0
ID_78WUNQ,0
ID_2WOVYD,0
ID_0253JF,0
ID_0R37RL,1
ID_IE144P,0
ID_8INCNZ,0
ID_CB4AUO,0
ID_18BHPD,0
ID_L7L3OC,0
ID_449I64,0
ID_6924UZ,0
ID_QCZQZE,0
ID_HI47QG,0
ID_DKUVPO,0
ID_VOBFXS,0
ID_TCEJQN,0
ID_BQZK7W,0
ID_XKBH0X,0
ID_IVT5K1,0
ID_9S7B7A,1
ID_MX41BJ,0
ID_TRSCEO,0
ID_KLKWIE,1
ID_DW0NG6,1
ID_ISI7X8,0
ID_UEJ4XD,0
ID_KT17QR,1
ID_LLC9AU,0
ID_4S8970,0
ID_11UFAL,0
ID_3DWXIF,0
ID_4QOC2U,0
ID_7R1TOI,0
ID_GCA02U,1
ID_4Q69Q2,0
ID_JODS0I,0
ID_KFROG2,0
ID_94956G,1
ID_PND159,0
ID_VFXZWL,0
ID_VY6HQC,0
ID_U48NC4,1
ID_UQE6OH,0
ID_66IUFS,0
ID_NUQR63,0
ID_Q5N3BB,0
ID_KFB4SM,0
ID_SA1GHD,0
ID_9XD1F3,0
ID_IAVKGS,0
ID_I4EHPL,1
ID_U9GFM7,1
ID_MJOCEQ,0
ID_GM9WH5,0
ID_4BCP5J,0
ID_O8FXH7,0
ID_15R1US,0
ID_TNK9HE,1
ID_JWBO5L,0
ID_P1MP1D,0
ID_UOGH3U,0
ID_NCWW0V,0
ID_PQI9Z9,0
ID_ZP80WG,1
ID_YVZAW4,0
ID_GQF6WN,0
ID_EO10Z4,0
ID_BP7G4R,0
ID_WVLHOO,0
ID_AXQRHX,0
ID_TRJ9C3,1
ID_EH7BN0,1
ID_WLMBVS,0
ID_1JEQ3Y,0
ID_2GY4V0,0
ID_CRAW0H,0
ID_DPWIVL,1
ID_GRY2ZX,0
ID_6RU6E9,0
ID_L0H1HK,0
ID_OIML6U,0
ID_1OMJJF,0
ID_8WI0Z5,0
ID_QB3RXI,0
ID_ZYKP17,0
ID_FUN3BE,0
ID_NLGASG,0
ID_VRIKYF,0
ID_HNGW4S,0
ID_7PKDSI,0
ID_EZJ7AM,0
ID_0WONN7,0
ID_NJS40B,0
ID_721IWB,0
ID_XK12KX,0
ID_LM6N31,0
ID_IFZNUC,0
ID_IZA3T6,0
ID_P0TUZ5,0
ID_C6NM5U,0
ID_JCV4PS,0
ID_SCQVJN,0
ID_CI00OX,1
ID_3RFKK9,0
ID_8ZCMBL,0
ID_66U58J,0
ID_RF6UGS,1
ID_OGQKG4,0
ID_Q1PWRI,1
ID_HW7BJW,0
ID_6PRLOC,0
ID_9245GQ,0
ID_HB2SAP,0
ID_RUGCP4,0
ID_S0842W,0
ID_NCQFOI,0
ID_38LR1E,0
ID_YIUT8S,0
ID_B9NZII,1
ID_80J01G,1
ID_ZPWOBS,0
ID_2S69MR,0
ID_BU8YWB,0
ID_U2BZK6,0
ID_RVR53D,0
ID_AQC8TA,0
ID_957KCE,0
ID_9OTMYS,0
ID_ZLRX84,1
ID_L2K9K5,0
ID_LEY5AS,0
ID_OUEWP2,0
ID_10BSXQ,0
ID_1370MO,0
ID_BV9M9J,0
ID_5F576U,0
ID_KECT3F,1
ID_HYJ2JG,0
ID_ASJ8SU,0
ID_XPPOH9,0
ID_DD94N7,0
ID_KQTW6Z,0
ID_I2CYGP,1
ID_LENW7M,0
ID_53X2VF,0
ID_VJ79MI,1
ID_DQIJ3G,0
ID_B18SQN,0
ID_9PBTLV,1
ID_U0UJ2I,0
ID_V4W80U,1
ID_DPK3AX,1
ID_BZQPQS,0
ID_JEZFJ6,0
ID_CFUBW7,0
ID_9XI3GQ,0
ID_VWQJ1W,0
ID_9RMB9Z,0
ID_FTHK8D,0
ID_445OSJ,1
ID_F1YM1W,1
ID_7ZKJVR,1
ID_WGYVK1,1
ID_6C84E6,1
ID_NJ65U1,0
ID_QSEJ2Z,0
ID_J9LWGW,0
ID_5X307K,0
ID_4LBYXX,1
ID_O8W5DN,0
ID_V20F4F,0
ID_I59KHP,0
ID_ZWM9AD,0
ID_HAQY6X,0
ID_L4FF3B,1
ID_2AQOGC,1
ID_QBJ5ME,0
ID_1BKHUU,0
ID_5I4WY3,0
ID_F4PQDK,0
ID_1SY24W,0
ID_IAEZCM,0
ID_54INUN,0
ID_5L5NRI,0
ID_BGFDXW,0
ID_L17ZTC,0
ID_1V0SAQ,0
ID_Y2546B,0
ID_TLNDB1,0
ID_D4Z5DC,0
ID_T976AH,0
ID_TQC8BR,0
ID_8VD06O,0
ID_KJKD98,0
ID_TOZN91,0
ID_ATZRTB,0
ID_4CL0WA,0
ID_WDI6KT,1
ID_KAV7V2,0
ID_2MW327,0
ID_16Z5ZR,0
ID_DQBONG,0
ID_ZC9HDE,0
ID_TWHZSF,1
ID_T234XH,0
ID_EF69SH,0
ID_PPNQNB,0
ID_CNT2A3,1
ID_J8HOKC,0
ID_PKBH27,0
ID_0ZN7ON,0
ID_N7LOU0,1
ID_6WFLEI,0
ID_CYQIDT,0
ID_17IK7M,0
ID_C7J4KN,0
ID_UEM7BY,1
ID_P927FX,0
ID_5FCA29,0
ID_0695CD,1
ID_75L2EA,0
ID_UH7ELB,1
ID_ZUSR8Y,0
ID_1AXXTZ,0
ID_4VVUN3,0
ID_L881WJ,0
ID_WEB6E3,0
ID_LN67ME,0
ID_WR2UA5,0
ID_5RWNZO,0
ID_4071L5,0
ID_515UR7,0
ID_8W12LD,1
ID_FPWY5E,0
ID_2UYWBM,0
ID_4V6D7J,0
ID_ACT189,0
ID_XAYQC3,0
ID_DGS1DT,0
ID_LLURC4,0
ID_147BO3,0
ID_XO5W1U,0
ID_S96UPG,0
ID_5DQQRI,0
ID_8FRZ7L,0
ID_ZQOG2C,0
ID_DLL1R3,0
ID_TSMIJ2,0
ID_S97T6E,0
ID_Y7QKDF,0
ID_050OW4,0
ID_9YJZ6L,1
ID_TZ711U,0
ID_GSYQQW,1
ID_IDFM68,0
ID_R7AYD5,0
ID_TBN2D4,0
ID_ZBU3GL,1
ID_UVLSR9,0
ID_GVVJ3R,0
ID_HI62RR,0
ID_XM4XCM,1
ID_JH3N3X,0
ID_M1UC1I,0
ID_ZMC3OL,0
ID_FWNTPB,0
ID_KMN6UA,0
ID_4MFDH9,1
ID_QJENVX,1
ID_ZXHZVS,1
ID_9XHTEY,0
ID_3TVN5I,1
ID_CT13OR,0
ID_UV9G6K,0
ID_14MZDS,0
ID_SXK6FV,0
ID_7XT1DO,0
ID_22ZWUG,0
ID_YLUN90,0
ID_9ZWHW0,0
ID_2FJQC6,0
ID_U316IZ,0
ID_EFZMXD,0
ID_KW7YLM,0
ID_EQVOJY,1
ID_CMZG8A,0
ID_MVKXAB,1
ID_LPYDPM,0
ID_VJCSE2,0
ID_N4PNDD,0
ID_1LFUGZ,0
ID_XR5WUQ,0
ID_MUOQVM,0
ID_9LG374,0
ID_XTX9EB,0
ID_WHAFLX,0
ID_V9TMRR,0
ID_I3I4YV,0
ID_8EEBK4,0
ID_J9AVRY,0
ID_SKL92J,0
ID_C5LAT6,0
ID_I7BHH7,0
ID_2LCSB7,0
ID_850GZY,0
ID_LQ4NLU,0
ID_JAYWT2,0
ID_18NOEM,0
ID_UNO73H,1
ID_SSQA0Q,0
ID_JB3Q4Y,0
ID_QIW85V,0
ID_AUCP8L,0
ID_RMDKRS,0
ID_1BNC9X,0
ID_898F5Q,0
ID_MMU3MD,0
ID_4L7064,0
ID_ZTEO51,0
ID_PSY3I2,0
ID_IZ53V5,0
ID_6QSGZG,0
ID_Z9S0GB,0
ID_1OH04A,0
ID_GKXUDF,0
ID_5JE5DJ,0
ID_GC1HS6,0
ID_3ZWPCP,1
ID_V22QKS,0
ID_N6B3PX,0
ID_4JQBRM,1
ID_ZCV9RI,0
ID_38BHL4,0
ID_3ANJRS,0
ID_CYDO8P,0
ID_2S548T,1
ID_7HUZ15,0
ID_OSNK25,0
ID_WFH04K,0
ID_QFOR9H,0
ID_C8RN5E,0
ID_6BO3TF,0
ID_6RLZ5Y,0
ID_R0V1CV,0
ID_TQ3QC7,0
ID_0T6665,0
ID_5QBXKP,0
ID_SIWVVC,1
ID_1YNVWC,0
ID_10UZ7T,0
ID_26ZV7L,0
ID_1O7DYE,0
ID_8PI8UD,0
ID_R3MHJT,0
ID_6S788N,1
ID_3O3ADT,0
ID_5DD0E5,0
ID_BA9HNC,0
ID_OK5FSE,0
ID_X7SZQI,0
ID_DJU0LD,1
ID_YUCFDN,0
ID_OLG829,0
ID_FNVMAE,0
ID_RNN95B,1
ID_R6CEPD,0
ID_0VSHOR,0
ID_201YPF,0
ID_MBWJQK,1
ID_Q4PVQX,0
ID_HDWSO3,0
ID_8SSD74,1
ID_WZ6IBW,0
ID_2PDX44,0
ID_A9EDQ0,0
ID_410BGT,0
ID_OEBNWW,1
ID_GVG4IX,0
ID_79EFMS,0
ID_UIFCFF,1
ID_S4B0FK,0
ID_T1RDMN,0
ID_D7WEO3,1
ID_F98LI8,0
ID_GC9O75,0
ID_I53UQU,0
ID_7T6MFO,0
ID_8E5EW4,0
ID_U3IFDB,0
ID_UY3GPV,0
ID_YURXMB,0
ID_DGWNYQ,0
ID_F2756F,0
ID_4LHDQZ,0
ID_688IFI,0
ID_RLTX4E,0
ID_DJRDCH,0
ID_KQGFJR,0
ID_J1D4FX,0
ID_G8ALYK,0
ID_Y4Y1PG,0
ID_CXBSCK,0
ID_1FMU2F,0
ID_O8N8QD,0
ID_C3RWOB,0
ID_MXR7I6,0
ID_NIO31X,0
ID_TBN7QB,0
ID_QZ84K9,0
ID_M81Y9A,0
ID_P3R7D4,0
ID_JQWZUQ,0
ID_3R7CSG,0
ID_TBAGDX,0
ID_SV28CW,0
ID_VR408G,0
ID_BXUHFR,1
ID_V2PFGU,0
ID_RTCT6X,0
ID_LJC86J,0
ID_JPIYLH,0
ID_LMHK9D,0
ID_IE5JAY,1
ID_7PFKN4,0
ID_8L215E,0
ID_40KIPX,0
ID_1I2FCF,0
ID_04M21R,0
ID_UE81TS,1
ID_R6VUSC,0
ID_FTOGE1,0
ID_1Q8GPK,1
ID_ZRK56O,0
ID_V49IKZ,0
ID_LF17C4,0
ID_5A6RIT,0
ID_QPU18V,0
ID_HZMBCV,0
ID_SYVT63,0
ID_LW8HKN,0
ID_CM613C,0
ID_G1CYS5,0
ID_3BK98A,1
ID_QURFU2,0
ID_2M4TZA,0
ID_ZGFFR8,0
ID_G4MA6Y,0
ID_UUBH49,0
ID_IVKH1E,0
ID_HLJLME,0
ID_WZ5NHF,1
ID_7BOD6J,1
ID_WTCWIO,1
ID_HORLVH,1
ID_W4DIM0,0
ID_NRD6LZ,0
ID_4T8YPA,0
ID_61QM06,0
ID_Q54LHJ,0
ID_0GNL4P,1
ID_YJX73X,0
ID_RTEWMP,0
ID_17OKWQ,0
ID_VWW7OE,0
ID_5DYN2A,0
ID_HCKQLE,0
ID_IR4LI6,1
ID_832G2C,0
ID_FURMGA,0
ID_196TI1,0
ID_D3IJY6,0
ID_QUTKMA,0
ID_WL3MJD,0
ID_2MFNPV,0
ID_FSSWYZ,0
ID_CWAQRQ,0
ID_Q5E10F,0
ID_M91SOV,1
ID_IVSSPT,0
ID_1ZZVKK,1
ID_M9K94V,0
ID_W0NFWW,0
ID_H2WP83,0
ID_FSC7JL,0
ID_VLYJK8,1
ID_YE5EHT,0
ID_X49QML,0
ID_K0F4HQ,0
ID_0XQQY8,0
ID_8QL6DR,0
ID_1QEGNH,1
ID_AACRHJ,0
ID_CTDRU5,0
ID_EDQ04H,1
ID_GT1Y2J,0
ID_U8L571,0
ID_0CEYWD,0
ID_SSVK3V,1
ID_ZK33L8,0
ID_RLLXTE,0
ID_4Q4QLF,0
ID_0KXC29,0
ID_UC54R2,0
ID_IVJJ0E,0
ID_3RTPWH,0
ID_HG2D55,1
ID_8H8N7H,0
ID_5V66O5,0
ID_A0JYYZ,1
ID_J95Y3V,0
ID_BP6IQM,1
ID_ZFZIWB,0
ID_IVTMW8,0
ID_CLDEPF,0
ID_JRW7C5,0
ID_XNI9P9,0
ID_XJU2WQ,0
ID_DUFFI8,0
ID_0NCZW9,0
ID_3HEN5X,0
ID_7XYRBZ,0
ID_91NCTL,0
ID_9QXERS,0
ID_6BWZRT,0
ID_K5CJD2,0
ID_5QM5AG,0
ID_F26KHK,0
ID_3X99KD,1
ID_7PLUL9,0
ID_NLRU61,0
ID_38YM37,0
ID_UVMB93,0
ID_JAELJ6,0
ID_PH2XSN,0
ID_V4XEZ7,0
ID_83S8JJ,0
ID_FR1UXI,0
ID_8V1EWB,0
ID_OPFH88,0
ID_4PITLN,0
ID_YVS5WJ,0
ID_6QMDTV,0
ID_3LTQLA,0
ID_KE446K,0
ID_CB0U8Q,0
ID_FMUICV,0
ID_HR6D0S,0
ID_4C94N6,0
ID_DFV96Z,0
ID_JM0CYN,0
ID_4P0BTW,0
ID_ARS93J,0
ID_QOZPGM,1
ID_975AAM,0
ID_DKWGGE,0
ID_JCO4WO,0
ID_R9DBNW,0
ID_MPSUPD,1
ID_M9GNXI,0
ID_3FN3AS,0
ID_1C71KY,0
ID_WIN6YK,0
ID_9HPY3I,0
ID_2MOAGB,0
ID_V1KGEX,1
ID_1BLEB8,0
ID_9O8NPY,0
ID_N1652A,0
ID_B710YV,0
ID_NLMNT6,1
ID_FM5ZWO,0
ID_2I257T,0
ID_LG5TAP,0
ID_WPS9PI,0
ID_X2O0D7,0
ID_9UZ2CZ,0
ID_118C5X,0
ID_LDUEKS,0
ID_0I878M,0
ID_XU2DA6,1
ID_YXTA66,0
ID_JN6EBO,0
ID_LWP17I,0
ID_F2IE2O,1
ID_UZ37F0,0
ID_9HWORQ,0
ID_0BUEH7,0
ID_JU0LO4,0
ID_X60IOC,1
ID_M24YOE,0
ID_8J1O42,0
ID_C3PP9Z,1
ID_SYNYMT,0
ID_6CHLI7,0
ID_JB0EF6,0
ID_VIBW7Q,0
ID_47ZTQJ,0
ID_T7I15I,0
ID_6EK2O5,0
ID_LM5RA9,1
ID_99RY8O,0
ID_MWUI2Q,0
ID_D9GTMP,0
ID_ZERHKR,0
ID_O6WCEA,0
ID_3NH719,1
ID_5KIHFO,0
ID_V6JHLA,0
ID_N60FPO,0
ID_K0WGZJ,0
ID_5KOG1X,0
ID_05KK46,0
ID_MRV5FC,0
ID_R4TICE,1
ID_0FFZC8,0
ID_1JHG8E,0
ID_TWJQ2T,1
ID_MOTAUV,0
ID_F15NAS,0
ID_CXY9JW,0
ID_4PES6A,0
ID_83HS47,0
ID_3IBVWQ,0
ID_YHCJYC,1
ID_Y4BERC,1
ID_ZOF0LW,1
ID_GU1B1B,0
ID_9N5LMC,0
ID_PGUFZU,0
ID_QNA3WU,0
ID_FY9VDV,0
ID_AUH4C9,0
ID_T21I0N,0
ID_S2F3IM,0
ID_BPLKYK,0
ID_UUAT16,0
ID_UBMNWJ,0
ID_IEEATL,0
ID_QM4S6M,0
ID_TJLGOD,1
ID_FYW0P2,0
ID_5O6PA4,1
ID_KTFDDC,0
ID_QO8A4G,1
ID_YKHNHV,0
ID_66WISD,0
ID_RGPHB5,0
ID_Z8YX8Q,0
ID_WC32ZJ,0
ID_2S941Z,1
ID_X8UNZU,0
ID_P9YAJH,0
ID_WOHX7G,0
ID_BF4NDX,0
ID_PBJDXW,0
ID_KU0DOH,0
ID_5KOFP8,0
ID_8ZLP3O,0
ID_F6CSQO,1
ID_WA56HA,0
ID_4AJ7IV,0
ID_ACD64C,1
ID_KA67H9,0
ID_NM6HTC,1
ID_HBQV3R,0
ID_FCZXWZ,0
ID_4ZNG48,0
ID_L3Q1YL,1
ID_AZVR7P,0
ID_LADTN4,1
ID_H0ZU7X,0
ID_HJ6LNC,0
ID_W6GGJ2,0
ID_K2FFKW,0
ID_AXIEWD,1
ID_9397JT,0
ID_0KK3R1,1
ID_4RC5TB,0
ID_LI2BY9,0
ID_8AFLU9,0
ID_8BB70U,0
ID_QPC52O,0
ID_1IP9BD,0
ID_BGV0ED,0
ID_NS12MW,1
ID_R9NPLN,0
ID_J6OBE7,0
ID_AJOQ4L,0
ID_A1WSXB,0
ID_FFEZSR,0
ID_18YTH5,0
ID_XG5XU8,1
ID_5YLLPS,0
ID_IDIUIW,1
ID_4JCFE1,0
ID_MBU56O,0
ID_O7WBNW,0
ID_9WDYSR,0
ID_FD60O0,0
ID_Q7BJZL,0
ID_SK1HHG,0
ID_37R0B9,0
ID_9KZ1OD,0
ID_DHWATP,0
ID_SHYG51,1
ID_YSI4HO,0
ID_UCV34E,0
ID_RRVMJ1,0
ID_7Y5FYL,0
ID_OFHBBL,0
ID_L6QL9A,0
ID_5EN1MN,0
ID_86K2V8,0
ID_6S716E,0
ID_Z6FGGG,0
ID_K5RX1R,0
ID_68EN23,1
ID_2MN53B,0
ID_5DDA6N,0
ID_KGXHJT,0
ID_6LDVWC,0
ID_K5JLT9,0
ID_KOGXX2,1
ID_8K8RKQ,0
ID_BMTPUY,0
ID_PAZ9IS,1
ID_FJY7YO,0
ID_KS7MDS,1
ID_GMPIMJ,0
ID_OS6VL2,0
ID_I7FPS0,0
ID_S4B42S,0
ID_O516QA,0
ID_XZV7Y4,0
ID_GITVVF,0
ID_YMMVWY,0
ID_32WYPU,0
ID_DAFFHJ,0
ID_VRJ5WU,0
ID_7M0Z5P,0
ID_RTEAPR,1
ID_P0XF8Q,0
ID_CUECSN,0
ID_80R75D,0
ID_D9584P,0
ID_VRB613,1
ID_GRCAMK,1
ID_G8KZ19,0
ID_XOM534,0
ID_0O5I1B,1
ID_11KXXP,0
ID_ZKE8AC,0
ID_VWS4ZJ,1
ID_1Z0NV8,0
ID_PCXC51,0
ID_DE9N3A,0
ID_Z7FIY4,0
ID_08TIO7,0
ID_6ZGDGB,0
ID_01Q4UV,1
ID_PAEBBA,0
ID_XJHZQA,0
ID_1WJ044,0
ID_HFIYXF,1
ID_HCRVYK,1
ID_H6HPBG,1
ID_84LOOT,0
ID_DB8HVL,0
ID_L2ECZP,0
ID_6R911Y,0
ID_QF7RTQ,0
ID_D5T86F,1
ID_IQBO46,1
ID_LRS32R,0
ID_7T1L3N,0
ID_FC2UCJ,0
ID_7T0YJQ,0
ID_AZH80I,0
ID_HTRPDD,0
ID_NGU29N,1
ID_PHLOD4,0
ID_VO6ALY,0
ID_NEDNTU,1
ID_071JWN,0
ID_B0UQ0I,0
ID_VNFVG0,0
ID_3KWQQ8,1
ID_46I1M9,0
ID_SHUIT3,0
ID_ROA19W,0
ID_40IVR4,0
ID_1E7C5Z,1
ID_XR31MY,0
ID_AN1MDY,0
ID_78DNTD,0
ID_540P57,0
ID_PERQCE,0
ID_K9XX7L,1
ID_0FWDVE,0
ID_0X0RMW,0
ID_CMM2LP,1
ID_0QXV12,0
ID_IJTY2S,0
ID_RXU5I9,0
ID_85DFWH,0
ID_HFEQBI,1
ID_LN95FG,0
ID_61OWFA,0
ID_TXU3SJ,0
ID_IMDNVV,0
ID_4WFJOM,0
ID_NO7AB6,1
ID_5P61EM,0
ID_VMP981,0
ID_TXKWSO,1
ID_ONJC90,1
ID_YPYF0Z,0
ID_E65HO8,0
ID_UG0HC3,1
ID_GT0LYA,0
ID_256KCT,0
ID_GHPQX8,0
ID_TCOEHH,0
ID_4W6AI3,0
ID_OVX3GE,0
ID_M414R5,0
ID_YM96EY,1
ID_QSMI1D,0
ID_5SH075,0
ID_MZ7EHX,0
ID_PYHTOJ,0
ID_0628OT,0
ID_9HTZKV,0
ID_D3I34N,0
ID_6AMYPL,0
ID_3LBXJX,1
ID_PEGDVU,1
ID_9PPSIG,0
ID_U1BGXD,0
ID_JU4ZS0,0
ID_J1765X,0
ID_NOKB6T,0
ID_2XPLXB,0
ID_BSDLNP,0
ID_PYCR7A,1
ID_M6YADQ,0
ID_ZAQPCK,0
ID_GQ50FH,0
ID_K2705I,0
ID_SU1CFZ,1
ID_STD5T9,0
ID_KGLEXS,0
ID_LKMPGN,1
ID_2MGU1Y,0
ID_UGCH88,0
ID_YII6R0,0
ID_WRA97S,1
ID_0O0M8R,0
ID_8VMMFS,0
ID_37OEPZ,0
ID_BJT8WT,0
ID_3SZXUJ,0
ID_M2DKV4,0
ID_6OC9H7,1
ID_1A4VST,0
ID_2SLTTW,0
ID_MER8M9,0
ID_GAEHTH,0
ID_SAWENU,1
ID_4R34PI,0
ID_FQSMNJ,1
ID_PU2BAY,0
ID_9YK2CV,0
ID_2J95JW,0
ID_DAN7IQ,0
ID_JWO4XA,0
ID_QMY249,1
ID_WB6IJN,0
ID_B3605A,1
ID_0HP45A,0
ID_D9UM6M,0
ID_SWDMVL,0
ID_2S124H,1
ID_UZN5HX,1
ID_LJ809W,0
ID_F3XZIF,0
ID_VIG04H,0
ID_N88PZI,0
ID_SCC95L,1
ID_QRTS3B,0
ID_IDT2PX,0
ID_0ANGUJ,0
ID_65Z3XC,0
ID_K5110Z,0
ID_GLOY39,0
ID_0IYOMQ,0
ID_SWMR59,0
ID_IKQUIQ,0
ID_1C4NA6,0
ID_SZSCIW,1
ID_6NIK7P,0
ID_FGNDKK,0
ID_713Q9J,0
ID_D995N7,0
ID_KE2GIK,0
ID_TGDANZ,0
ID_ECSFKU,0
ID_YURMI8,0
ID_5U84RO,0
ID_6DWDBF,0
ID_ZC9VEI,0
ID_07QMRG,0
ID_M9JIJD,1
ID_O97XI4,0
ID_FCPMX2,0
ID_MCMP9T,0
ID_2F7AHZ,0
ID_3TBP54,0
ID_UTG4EJ,0
ID_FKMNCO,0
ID_OX2NZF,0
ID_XM207A,0
ID_F38JKN,0
ID_0U95BH,0
ID_CTNYBW,0
ID_38DH05,1
ID_XSATLP,0
ID_0YLRU0,0
ID_OUBBYI,0
ID_ZUS56Z,0
ID_Y2CASO,0
ID_93CD7W,1
ID_HZDPMM,0
ID_VT615K,0
ID_V0WEZV,0
ID_NHWUSI,1
ID_CVUER5,0
ID_YTXU9M,1
ID_7Y0FSD,0
ID_GR7UFP,0
ID_QCM12T,0
ID_803AXL,0
ID_AK98YB,0
ID_1104TL,0
ID_7L8TGH,0
ID_B2VEUL,1
ID_WXRSF4,0
ID_9PB3GX,0
ID_I6XE9I,0
ID_UY91MO,0
ID_7RR542,0
ID_JP16UW,0
ID_WN8DG2,0
ID_PZUEYF,1
ID_5AJAUF,0
ID_1YWYPE,0
ID_FLO32U,0
ID_4B7MTE,0
ID_81E6HU,0
ID_P8B1UW,0
ID_P9K0XX,0
ID_QMPFU7,0
ID_ZESBFA,0
ID_RM0BX0,0
ID_X7AIWB,0
ID_OSJUZG,1
ID_PG8KFQ,0
ID_IROGP1,0
ID_T76SFZ,0
ID_DTT6N9,0
ID_EMIILA,0
ID_WZE0EK,1
ID_GG6F7N,0
ID_L102EA,0
ID_G38XXB,0
ID_I5QGDU,0
ID_RTG85N,0
ID_CA1LRS,0
ID_FJ6X5A,0
ID_6WP7RU,0
ID_S0GE16,0
ID_S5LJ04,0
ID_KYDVMX,0
ID_25Y7MX,0
ID_AI2OPF,0
ID_XKF6SZ,0
ID_VP23PE,0
ID_6NNVLQ,0
ID_VOX69N,0
ID_YILD25,0
ID_IW1C92,0
ID_N4KD35,0
ID_BMWQWZ,1
ID_0XK5TS,1
ID_YACTQ5,0
ID_XBUPIM,0
ID_QLMRLQ,0
ID_MN6S4O,0
ID_8OAAED,0
ID_H2D9HP,0
ID_AP8S2B,0
ID_9OW8Z8,1
ID_1HBLHN,0
ID_FVQ6IF,0
ID_4DYF79,0
ID_UPK79H,0
ID_EWGQ6C,0
ID_II8NPN,0
ID_YVBX3N,0
ID_NE7IS5,0
ID_8SOIHO,1
ID_WMSZB3,0
ID_JBGRRM,0
ID_0ZCBH0,0
ID_6HIG1F,0
ID_ZHMQ8M,0
ID_1279KN,0
ID_1V8RIU,0
ID_Q4GKLG,1
ID_P4CF4S,0
ID_KZZUIE,0
ID_2PKBPM,0
ID_N3JKGT,0
ID_G9XAC4,0
ID_VL5XGS,1
ID_27IDQT,0
ID_PPJUVG,0
ID_99AJJQ,1
ID_99NQ3N,0
ID_GQZ8N8,0
ID_R0611F,1
ID_NHNWAU,0
ID_X6DXYP,1
ID_P7OPA8,0
ID_ATLVAK,0
ID_TB0EIN,1
ID_XFMQC2,1
ID_18P3TF,0
ID_VJF7NN,0
ID_DQ67ZU,0
ID_29V2LB,0
ID_4JRQIS,0
ID_IB9KK4,0
ID_5NAVWO,0
ID_TJMWJ3,0
ID_0S9XGK,0
ID_W2ZEJ6,0
ID_URST24,1
ID_VR0XAR,0
ID_5UZ4D3,0
ID_H5O8LI,0
ID_A4IX3I,0
ID_0NEHH2,0
ID_IV7IZW,0
ID_YPBRXX,0
ID_YKJP4D,0
ID_39OH86,0
ID_VCPKCJ,1
ID_MOVQD2,0
ID_A3P36I,0
ID_JTOE0Y,0
ID_L63K6O,0
ID_GXKV5O,0
ID_CH7VOJ,1
ID_JE7LAR,0
ID_PKJ914,0
ID_CSS0S9,0
ID_AK3ICU,0
ID_RBQRA8,1
ID_QTFBSR,1
ID_9ZWW6M,0
ID_YJVKDS,0
ID_SMTO3V,0
ID_2W1O7V,0
ID_OHER5O,0
ID_9J263W,0
ID_4RA5VW,0
ID_6QNYL8,0
ID_ZFST6M,0
ID_7VI3EW,1
ID_CD448I,0
ID_QZN9NW,0
ID_FM28SW,0
ID_XRFBZ4,0
ID_WZU4Y5,0
ID_0WUEWM,0
ID_SA9B46,0
ID_6NCUDA,0
ID_QBZC5V,0
ID_GSLPQT,0
ID_ZGQIB0,0
ID_TOD6ZH,1
ID_Z5GG92,1
ID_6TOO3P,0
ID_UQ8U69,0
ID_Z7P4UR,1
ID_2H6HNV,0
ID_G1QRI2,0
ID_L8HDY5,0
ID_VHBGX3,0
ID_XNXXPJ,0
ID_VIT0ER,0
ID_L5PGZR,0
ID_46AM2Y,0
ID_7RINJF,1
ID_UAYBOC,0
ID_M0YJD0,0
ID_PI0GHW,0
ID_VNBDTG,0
